,WikipediaPageName,links
0,6ix9ine,"['Fetty Wap', 'ZillaKami', 'Fetty Wap', 'Casanova (rapper)', 'Meek Mill', 'Tupac Shakur', 'The Notorious B.I.G.', '50 Cent', 'ZillaKami', 'Meek Mill', '50 Cent', 'YG (rapper)', 'Lil Tjay']"
1,9th Prince,"['RZA', 'RZA', 'Islord', 'Hell Razah']"
2,22Gz,"['Casanova (rapper)', 'Pop Smoke', 'Sheff G', 'Don Q (rapper)', 'Pop Smoke', 'Fivio Foreign', 'Casanova (rapper)']"
3,38 Spesh,"['Styles P', 'Jadakiss', 'Fred the Godson', 'AZ (rapper)', 'N.O.R.E.', 'Kool G Rap', 'DJ Premier', 'Pete Rock', 'The Alchemist (musician)', 'Conway the Machine', 'Benny the Butcher', 'Kool G Rap', 'Harry Fraud']"
4,The 45 King,"['Apache (rapper)', 'Queen Latifah', 'Jay-Z', 'Ghostface Killah', 'Fatlip', 'Fatlip', 'Fatlip', 'Biz Markie', 'Craig Mack', 'Rakim', 'Jay-Z', 'Queen Latifah', 'Ed Lover', 'Apache (rapper)', 'MC Lyte', 'MC Lyte', 'MC Lyte', 'MC Lyte', 'Queen Latifah', 'Queen Latifah', 'Big Daddy Kane']"
5,50 Cent,"['Dr. Dre', 'Nate Dogg', 'Lloyd Banks', 'Tony Yayo', 'Jam Master Jay', 'Jay-Z', 'Kurupt', 'Big Pun', 'Nas', 'Sha Money XL', 'Jay-Z', 'Dr. Dre', 'Sha Money XL', 'Lloyd Banks', 'Lloyd Banks', 'Tony Yayo', 'The Game (rapper)', 'Spider Loc', '40 Glocc', 'Mase', 'Jay-Z', 'Cardiak', 'Lloyd Banks', 'Dr. Dre', 'Swizz Beatz', 'Pop Smoke', 'Big Daddy Kane', 'KRS-One', 'Nas', 'Rakim', 'The Notorious B.I.G.', 'Jay-Z', 'Ja Rule', 'Jam Master Jay', 'Meek Mill', 'The Game (rapper)', 'Nas', 'Jadakiss', 'Fat Joe', 'Spider Loc', 'Sean Combs', 'Tony Yayo', 'N.O.R.E.', ""Cam'ron"", 'Beanie Sigel']"
6,60 Second Assassin (rapper),"[""Ol' Dirty Bastard"", 'Ghostface Killah', 'Masta Killa', 'Hell Razah', 'Ghostface Killah', 'RZA', '9th Prince', 'RZA', 'Ill Bill']"
7,88-Keys,"['Prince Paul (producer)', 'Q-Tip (musician)', 'Pete Rock', 'Large Professor', 'Mos Def', 'Talib Kweli', 'Consequence (rapper)', 'Mac Miller']"
8,Sammy Adams,"['Asher Roth', 'Statik Selektah']"
9,Adeem (rapper),"['Alias (musician)', 'Sage Francis', 'Sage Francis', 'Sole (hip hop artist)']"
10,Aesop Rock,"['El-P', 'Dub-L', 'Percee P', 'Dub-L', 'Mr. Lif', 'Blockhead (music producer)']"
11,Afu-Ra,"['Big Shug', 'DJ Premier', 'GZA', 'Masta Killa', 'Easy Mo Bee', 'Guru (rapper)', 'Big Daddy Kane', 'RZA']"
12,Akir,"['Diabolic (rapper)', 'Pharoahe Monch', 'Jean Grae', 'Pharoahe Monch', 'Statik Selektah', 'Statik Selektah']"
13,Akrobatik,"['Mr. Lif', 'Mr. Lif', 'King T', 'Mr. Lif', 'Reks']"
14,Alias (musician),"['B. Dolan', 'B. Dolan', 'Sage Francis', 'B. Dolan']"
15,Hoodie Allen,"['Skizzy Mars', 'Wiz Khalifa', 'Kyle (musician)']"
16,Amil,"['Beanie Sigel', 'Jay-Z', 'Memphis Bleek', 'Jay-Z', 'Ja Rule', 'Memphis Bleek', 'Beanie Sigel', 'Jay-Z', 'AZ (rapper)', 'DJ Kay Slay', 'Funkmaster Flex', 'Memphis Bleek', 'Beanie Sigel', 'Jay-Z', 'Ja Rule', 'Jaz-O', 'Beanie Sigel', 'Memphis Bleek', 'Memphis Bleek', 'Jay-Z', 'Ja Rule', 'Jaz-O', 'Beanie Sigel', 'Memphis Bleek', 'Beanie Sigel', 'Funkmaster Flex', 'Beanie Sigel', 'Memphis Bleek', 'Memphis Bleek', 'AZ (rapper)', 'Queen Pen', 'Lady May (rapper)', 'Remy Ma']"
17,Antoinette (rapper),"['Rakim', 'Sweet Tee', 'MC Lyte']"
18,Aone Beats,"['Meek Mill', 'Just Blaze', 'Dr. Dre', 'French Montana', 'Prodigy (rapper)', 'Uncle Murda', 'French Montana', 'Mistah F.A.B.', 'Mistah F.A.B.', 'Warren G', 'AZ (rapper)', 'Havoc (musician)', 'AZ (rapper)', 'French Montana', 'Uncle Murda', 'Casey Veggies', 'Berner (rapper)', 'B-Real', 'Dizzy Wright', 'Meek Mill', 'Mistah F.A.B.', 'Mistah F.A.B.', 'Styles P', 'Prodigy (rapper)', '40 Glocc', 'Mistah F.A.B.', 'Mistah F.A.B.', 'N.O.R.E.', 'Tone Trump', 'Young Chris', 'Cassidy (rapper)', 'Mistah F.A.B.', 'Young Noble', 'Hussein Fatal']"
19,Apache (rapper),"['Queen Latifah', 'Fat Joe', 'Queen Latifah', 'Tupac Shakur', 'Fat Joe']"
20,Apathy (rapper),"['Diabolic (rapper)', 'Xzibit', 'B-Real', 'Louis Logic', 'B-Real', 'Slaine (rapper)', 'Ill Bill', 'Xzibit', 'DJ Premier', 'Nas', 'Xzibit', 'DJ Premier', 'Ill Bill', 'B-Real', 'Harry Fraud', 'Chris Webby', 'O.C. (rapper)', 'Pharoahe Monch', 'Locksmith (rapper)', 'DJ Premier', 'Pete Rock', 'Buckwild (music producer)']"
21,AR-Ab,"['French Montana', 'Swizz Beatz', 'Cassidy (rapper)', 'Meek Mill']"
22,AraabMuzik,"['ASAP Twelvyy', 'Azealia Banks', ""Cam'ron"", 'Joe Budden', 'Swizz Beatz', 'Cardi B', 'Dave East', ""Cam'ron"", 'ASAP Rocky', 'Fabolous', 'Joe Budden', 'Hell Rell', ""Cam'ron"", 'Vado (rapper)', 'Swizz Beatz', 'Dr. Dre', 'DJ Premier', 'The Alchemist (musician)', 'ASAP Rocky', ""Cam'ron"", 'Azealia Banks', 'Vado (rapper)', 'Hell Rell', 'Jadakiss', 'Busta Rhymes', '50 Cent']"
23,Arkatech Beatz,"['Big Pun', 'Nas', 'Prodigy (rapper)', 'Jadakiss', 'Big Pun', 'Big Pun', 'Big Pun', 'Cuban Link', 'Nas', 'Nas', 'Prodigy (rapper)', 'Masta Killa', 'RZA', 'Spider Loc', 'Meek Mill', 'DJ Drama', 'Jadakiss', 'Sheek Louch']"
24,M. K. Asante,"['Talib Kweli', 'Snoop Dogg', 'Snoop Dogg', 'Bishop Lamont', 'Ras Kass', 'Talib Kweli']"
25,Asheru,"['Talib Kweli', 'Pete Rock']"
26,The Audible Doctor,"['J57 (rapper)', '50 Cent', 'Joell Ortiz', 'Joell Ortiz', 'Consequence (rapper)', 'Freddie Foxxx', '50 Cent', '50 Cent', 'Consequence (rapper)', 'Joell Ortiz', 'J57 (rapper)', 'Reks']"
27,Awkwafina,"['Dumbfoundead', 'Dumbfoundead', 'Dumbfoundead']"
28,AZ (rapper),"['Nas', 'Foxy Brown (rapper)', 'Jay-Z', 'Nas', 'Pete Rock', 'Buckwild (music producer)', 'Jay-Z', 'Nas', 'Pete Rock', 'Buckwild (music producer)', 'Dr. Dre', 'Nas', 'DJ Premier', 'Buckwild (music producer)', 'Statik Selektah', 'Ghostface Killah', 'Nas']"
29,Apani B. Fly,"['Mos Def', 'Talib Kweli', 'Pharoahe Monch', 'MF Doom', 'Jean Grae']"
30,DJ Babu,"['Evidence (musician)', 'Evidence (musician)', 'Pharoahe Monch', 'Vince Staples', 'Aloe Blacc', 'Action Bronson']"
31,Bahamadia,"['Talib Kweli', 'Guru (rapper)', 'Guru (rapper)', 'Guru (rapper)', 'Guru (rapper)', 'Talib Kweli', 'Princess Superstar', 'Queen Latifah', 'Mr. Lif']"
32,Marty Baller,"['ASAP Ferg', 'ASAP Ferg', 'ASAP Ferg', 'Smoke DZA', 'ASAP Ferg', 'ASAP Ferg', 'ASAP Ferg', 'ASAP Ferg', 'ASAP Rocky', 'ASAP Ferg', 'Jay-Z']"
33,Charli Baltimore,"['Irv Gotti', 'Ja Rule', ""Cam'ron"", 'Big Pun', 'Ja Rule', 'Irv Gotti', 'Hussein Fatal']"
34,Afrika Bambaataa,"['Busy Bee Starski', 'Keef Cowboy', 'Disco King Mario', 'Melle Mel']"
35,Bodega Bamz,"['Salaam Remi', 'ASAP Ferg', 'Joell Ortiz', 'ASAP Ferg', 'Joell Ortiz', 'Joell Ortiz', 'Salaam Remi', 'Funkmaster Flex', 'ASAP Ferg', 'Crystal Caines', 'Statik Selektah', 'Joell Ortiz', '6ix9ine', 'Termanology']"
36,Azealia Banks,"['Styles P', 'RZA', 'Fetty Wap']"
37,Lloyd Banks,"['50 Cent', 'Tony Yayo', '50 Cent', 'Tony Yayo', 'Dr. Dre', 'The Game (rapper)', 'Sha Money XL', 'Swizz Beatz', 'Fabolous', '50 Cent', '50 Cent', 'Busta Rhymes']"
38,MC Paul Barman,"['Prince Paul (producer)', 'MF Doom', 'MC Lyte', 'Celestaphone', 'MF Doom', 'Prince Paul (producer)', 'Celestaphone']"
39,Mark Batson,"['50 Cent', 'Jay-Z', '50 Cent', 'Jay-Z', 'Nas', 'Dr. Dre', 'Jay-Z', 'Busta Rhymes', 'ASAP Rocky', 'Swizz Beatz', 'Busta Rhymes', '50 Cent', 'Dr. Dre', 'Dr. Dre', '50 Cent', '50 Cent', '50 Cent', 'Busta Rhymes', 'Nas', '50 Cent', 'Snoop Dogg', 'Dr. Dre', 'Jadakiss', 'Swizz Beatz', 'Jay-Z', 'French Montana', 'Remy Ma', 'Jadakiss', 'Swizz Beatz', 'Jay-Z', 'Pusha T', 'ASAP Rocky', '50 Cent', 'Teyana Taylor', '50 Cent', 'Dr. Dre', '50 Cent', '50 Cent', '50 Cent', '50 Cent', 'Nas', 'Jay-Z']"
40,The Beat Bully,"['Meek Mill', 'Jahlil Beats', 'Meek Mill', 'French Montana', 'The Game (rapper)', 'Jahlil Beats', 'Meek Mill', 'French Montana', 'French Montana', 'Meek Mill', 'Young Chris', 'French Montana', 'Meek Mill', 'Fabolous', 'Mac Miller', 'The Game (rapper)', 'Jadakiss', 'French Montana', 'Snoop Dogg', 'Jadakiss', 'Sean Combs', 'Swizz Beatz', 'Wiz Khalifa']"
41,Jahlil Beats,"['Beanie Sigel', 'Bobby Shmurda', 'Meek Mill', 'Sean Combs', 'Fabolous', 'Meek Mill', 'Bobby Shmurda', '50 Cent', 'Lloyd Banks', 'Bobby Shmurda', 'The Beat Bully', 'Meek Mill', 'Fabolous', 'Jay-Z', '50 Cent', 'Busta Rhymes', 'French Montana', 'Busta Rhymes', 'Kid Ink', 'Juelz Santana', 'Problem (rapper)', 'Styles P', 'Vado (rapper)', 'Wiz Khalifa', 'ASAP Rocky', 'Ab-Soul', 'Joey Badass', 'Action Bronson', 'Dizzy Wright', 'Smoke DZA', 'Jae Millz', 'French Montana', 'Meek Mill', 'Sean Combs', 'Fabolous', 'Meek Mill', 'Swizz Beatz', 'Red Café', 'Sean Combs', 'Bobby Shmurda', 'Fabolous', 'Meek Mill', 'Meek Mill', 'Vado (rapper)', 'Young Chris', 'Cory Gunz', 'Meek Mill', 'Jadakiss', 'French Montana', 'Styles P', 'Meek Mill', 'Meek Mill', 'Styles P', 'Pusha T', 'N.O.R.E.', 'Busta Rhymes', 'Swizz Beatz', 'French Montana', 'Problem (rapper)', 'Cory Gunz', 'Casey Veggies', 'Sean Combs', 'N.O.R.E.', 'Problem (rapper)', 'The Game (rapper)', 'Sean Combs', 'Meek Mill', 'Jay Park', 'Beanie Sigel', 'Juelz Santana', 'Dave East', 'Bobby Shmurda']"
42,Beedie (rapper),"['Mac Miller', 'Wiz Khalifa', 'Mac Miller', 'Mac Miller', 'Method Man', 'Redman (rapper)', 'Buckwild (music producer)', 'Statik Selektah', 'Buckwild (music producer)', 'Sean Price', 'Wiz Khalifa', 'Mac Miller']"
43,Benny the Butcher,"['38 Spesh', 'The Alchemist (musician)', 'DJ Kay Slay', 'Harry Fraud', 'Hit-Boy', 'Smoke DZA', 'Dave East', 'Westside Gunn', 'Conway the Machine', 'The Alchemist (musician)', 'Westside Gunn', 'Conway the Machine', 'Black Thought', 'Pusha T', '38 Spesh', 'Jadakiss', 'Conway the Machine', 'Harry Fraud', 'Snoop Dogg', 'Jadakiss', 'Busta Rhymes', 'Smoke DZA', 'Harry Fraud', '38 Spesh', '38 Spesh']"
44,Benzino,"['Coi Leray', 'Coi Leray']"
45,Big Body Bes,"['Action Bronson', 'Action Bronson', 'Knxwledge', 'Earl Sweatshirt', 'MC Eiht', 'The Alchemist (musician)', 'Action Bronson', 'Statik Selektah', 'Roc Marciano', 'The Alchemist (musician)', 'Termanology', 'Mac Miller', 'Harry Fraud']"
46,Big Daddy Kane,"['Biz Markie', 'Marley Marl', 'Marley Marl', 'Kool G Rap', 'Tupac Shakur', 'Jay-Z', 'Tupac Shakur', 'Marley Marl', 'Kool G Rap', 'KRS-One', 'DJ Babu', 'The Alchemist (musician)', 'DJ Premier', 'Black Thought', 'Rakim', 'Busta Rhymes', 'Joell Ortiz', 'The Game (rapper)', 'Ice Cube', 'Jay-Z', 'MF Doom', 'Kool Moe Dee', 'RZA', 'Kool Moe Dee', 'Ice-T']"
47,Big Pun,"['Fat Joe', 'Cuban Link', 'Fat Joe', 'Fat Joe', 'Fat Joe', 'The Notorious B.I.G.', 'Big L', ""Shaquille O'Neal"", 'Easy Mo Bee', 'Fat Joe', 'Cuban Link', 'Heavy D', 'Kool G Rap', 'KRS-One']"
48,Big Shug,"['Guru (rapper)', 'DJ Premier', 'Sean Price', 'Termanology', 'M-Dot']"
49,Bkorn,"['Chinx', 'Chinx', 'Chinx', 'Wiz Khalifa', 'Chinx', 'Fabolous', 'Chinx', 'Chinx', 'French Montana', 'Chinx', 'Chinx', 'Chinx', 'Meek Mill']"
50,Black Child,"['Irv Gotti', 'Ja Rule', 'Jam Master Jay', 'Irv Gotti', 'Jay-Z', 'Ja Rule', 'Ja Rule', 'Ja Rule', '50 Cent', 'Tony Yayo', '50 Cent', '50 Cent', 'Ja Rule', 'Jay-Z', 'Busta Rhymes', 'Ja Rule', 'Ja Rule', 'Memphis Bleek', 'Ja Rule', 'Ja Rule', 'Ja Rule', 'Ja Rule', '50 Cent', 'Ja Rule', 'Ja Rule', 'Ja Rule', 'Ja Rule', 'Irv Gotti', 'Irv Gotti', 'Irv Gotti', 'Irv Gotti', 'Ja Rule', 'Ja Rule', 'Ja Rule', 'Ja Rule', 'Ja Rule', 'Ja Rule', 'Hussein Fatal']"
51,Black Rob,"['Sean Combs', 'Spoonie Gee', 'Doug E. Fresh', 'Mase', 'The Notorious B.I.G.', 'Benzino', 'Buckwild (music producer)', 'Sean Combs', 'Ed Lover', 'Sean Price', 'Easy Mo Bee']"
52,Black Thought,"['Malik B.', 'Jay-Z', 'Salaam Remi', 'Pusha T', 'Danger Mouse (musician)', 'MF Doom', 'Joey Badass', 'ASAP Rocky', 'Conway the Machine', 'Fashawn', 'Murs (rapper)', 'Del the Funky Homosapien', 'Funkmaster Flex', 'Kool G Rap', 'Joey Badass', 'Danger Mouse (musician)', 'Salaam Remi', 'Malik B.', 'Bahamadia', 'Pharoahe Monch', 'Pete Rock', 'Big Pun', 'Mos Def', 'Talib Kweli', 'Ghostface Killah', 'Styles P', 'Meek Mill', 'Young Chris', 'Eve (rapper)', 'Saigon (rapper)', 'Thurz', 'Jay Rock', 'Ab-Soul', 'Statik Selektah', 'Joey Badass', 'Action Bronson', 'Del the Funky Homosapien', 'Murs (rapper)', 'Fashawn', 'The Alchemist (musician)', 'Roc Marciano', 'Benny the Butcher', 'Mos Def', 'Q-Tip (musician)', 'Nas', 'YG (rapper)', 'Westside Gunn', 'Mach-Hommy', 'El-P', 'DJ Kay Slay', 'Apathy (rapper)']"
53,Memphis Bleek,"['Beanie Sigel', 'Jay-Z', 'Casanova (rapper)', 'Jay-Z', 'Jay-Z', 'Sean Price', 'Jay-Z', 'Casanova (rapper)', 'Fabolous']"
54,Blockhead (music producer),"['Aesop Rock', 'Aesop Rock', 'Aesop Rock', 'Aesop Rock', 'Aesop Rock', 'Murs (rapper)', 'Cage (rapper)', 'Isaiah Toothtaker', 'Aesop Rock']"
55,Action Bronson,"['Big Body Bes', 'Harry Fraud', 'Joey Badass', 'The Alchemist (musician)', 'Harry Fraud', 'The Alchemist (musician)', 'Big Body Bes', 'Statik Selektah', 'The Alchemist (musician)', 'Domo Genesis', 'Earl Sweatshirt', 'Vince Staples', 'Harry Fraud', 'Wiz Khalifa', 'Prodigy (rapper)', 'Nas', 'Kool G Rap', 'Funkmaster Flex', 'Erick Sermon', 'Jahlil Beats', 'Kendrick Lamar', 'Roc Marciano', 'Kool G Rap', 'Nas', ""Cam'ron"", 'Ghostface Killah', 'Termanology', 'Kool G Rap', 'Statik Selektah']"
56,Bronx Style Bob,"['Ice-T', 'Kid Capri', 'Afrika Bambaataa', 'Ice-T', 'Big Daddy Kane', 'Ice-T']"
57,Foxy Brown (rapper),"['Kurupt', 'Nas', 'AZ (rapper)', 'Dr. Dre', 'Jay-Z', 'Jay-Z', 'Method Man', 'Kid Capri', 'Nas', 'AZ (rapper)', 'Dr. Dre', 'Snoop Dogg', 'The Notorious B.I.G.', 'Chad Hugo', 'N.O.R.E.', 'Sean Combs', 'Mos Def', 'Shyne', 'Big Daddy Kane', 'Rakim', 'KRS-One', 'Casanova (rapper)', 'AZ (rapper)', 'AZ (rapper)', ""Lil' Kim"", 'Eve (rapper)', 'Cardi B', 'Kurupt']"
58,Tommy Brown (record producer),"['The Notorious B.I.G.', 'Meek Mill', 'Nas', 'Teyana Taylor', 'Meek Mill', 'Nas', 'Wiz Khalifa', 'Teyana Taylor', 'Cardi B', 'Cardi B', 'Ty Dolla Sign']"
59,Ron Browz,"['Jay-Z', 'Nas', 'Big L', 'Nas', 'Jay-Z', 'Juelz Santana', 'Busta Rhymes']"
60,Buckshot (rapper),"['David Stones', 'KRS-One', 'Havoc (musician)', 'Sean Price', 'Tupac Shakur', 'Q-Tip (musician)', 'Busta Rhymes', 'Heather B. Gardner', 'Sean Price', 'Pete Rock', 'Large Professor', 'KRS-One', 'KRS-One']"
61,Buckwild (music producer),"['Fat Joe', 'O.C. (rapper)', 'The Notorious B.I.G.', 'Black Rob', 'O.C. (rapper)', 'Big L', 'Kid Capri', 'Big L', 'AZ (rapper)', 'Mic Geronimo', 'Kool G Rap', 'Sadat X', 'Mic Geronimo', 'The Notorious B.I.G.', 'Jay-Z', 'Fat Joe', 'Mase', 'Black Rob', 'Big Pun', 'Beanie Sigel', 'AZ (rapper)', 'WC (rapper)', 'Fat Joe', 'Kool G Rap', 'Nas', '50 Cent', 'The Game (rapper)', 'Beanie Sigel', 'Remy Ma', 'Termanology', 'Jadakiss', 'Saigon (rapper)', 'Nas', 'Reks', 'Termanology', 'Sheek Louch', 'Styles P', 'Apathy (rapper)']"
62,Joe Budden,"['Just Blaze', 'Busta Rhymes', 'Fabolous', 'Nate Dogg', 'Crooked I', 'Joell Ortiz', 'Wiz Khalifa', 'French Montana', 'Meek Mill', 'Sean Combs', 'Remy Ma']"
63,Dai Burger,"['Junglepussy', 'Lil Mama', 'Junglepussy', 'Cazwell']"
64,Cage (rapper),"['Big Daddy Kane', 'Marley Marl', 'KRS-One', 'Godfather Don', 'Necro (rapper)', 'Pharoahe Monch', 'El-P', 'MF Doom']"
65,Crystal Caines,"['Eve (rapper)', 'Smoke DZA', 'Felly']"
66,Call Me Ace,"['Mac Dre', 'Mistah F.A.B.', 'E-40', 'Snoop Dogg', 'Snoop Dogg', 'Busta Rhymes']"
67,Cam'ron,"['Juelz Santana', 'Jay-Z', 'Big L', 'Mase', 'Freekey Zekey', 'Vado (rapper)', 'Mase', 'The Notorious B.I.G.', 'The Notorious B.I.G.', 'Juelz Santana', 'N.O.R.E.', 'Jay-Z', 'Beanie Sigel', 'Memphis Bleek', 'Beanie Sigel', 'Memphis Bleek', 'Just Blaze', 'Juelz Santana', 'Juelz Santana', 'Just Blaze', 'Ty Fyffe', '50 Cent', 'AraabMuzik', 'DJ Drama', 'Vado (rapper)', 'Juelz Santana', 'Freekey Zekey', 'AraabMuzik', 'Wiz Khalifa', 'Wiz Khalifa', 'Juelz Santana', 'Juelz Santana', 'Funkmaster Flex', 'Juelz Santana', 'Swizz Beatz', 'Mase', 'The Notorious B.I.G.', 'Just Blaze', 'Beanie Sigel', '50 Cent', 'Lloyd Banks', 'Vado (rapper)', 'Vado (rapper)']"
68,Canibus,"['Big Pun', 'Mos Def', 'Method Man', 'Redman (rapper)', 'Kurupt', 'Ras Kass', 'Pharoahe Monch', 'Rakim', 'Kool G Rap', 'DJ Premier', 'Jake One', 'Kurupt', 'Ras Kass', 'Keith Murray', 'Cappadonna', 'Pete Rock']"
69,Don Cannon,"['DJ Drama', 'DJ Drama', 'Lecrae', 'Young Chris', 'DJ Drama', 'DJ Drama', '50 Cent', 'Fabolous', 'Jay-Z', '50 Cent', 'Skeme']"
70,Capella Grey,"['Ty Dolla Sign', 'DJ Drama', 'Fabolous', 'Benny the Butcher', 'Joey Badass', 'Ty Dolla Sign', 'Sean Combs', '50 Cent', 'Ty Dolla Sign', 'DJ Drama', 'Fabolous', 'Benny the Butcher', 'Red Café', 'CJ (rapper)', 'Joey Badass', 'Busta Rhymes', 'DJ Drama', 'Fabolous', 'Benny the Butcher', 'CJ (rapper)', 'Joey Badass']"
71,Capital Steez,"['Joey Badass', 'Joey Badass', 'CJ Fly', 'Madlib', 'DJ Premier', 'Knxwledge', 'Kirk Knight', 'Joey Badass', 'ASAP Twelvyy', 'Styles P', 'Joey Badass', 'CJ Fly']"
72,Capone (rapper),"['Nas', 'N.O.R.E.', 'N.O.R.E.', 'Daz Dillinger']"
73,Cappadonna,"['Ghostface Killah', 'U-God', 'Method Man', 'Ghostface Killah', 'RZA', 'Ghostface Killah', 'Canibus']"
74,Kid Capri,"['Big L', 'Jay-Z', 'Nas', 'KRS-One', 'Warren G', 'Big Pun', 'Snoop Dogg', 'Foxy Brown (rapper)', 'Kendrick Lamar', 'Heavy D', 'Big L', 'Sean Combs', 'Rakim', 'Kendrick Lamar', 'Big L', 'Big L', 'Ghostface Killah']"
75,Cardi B,"[""Lil' Kim"", 'Remy Ma', 'MC Lyte', 'Young M.A', 'Queen Latifah', 'Saweetie', ""Lil' Kim"", 'MC Lyte', 'Snoop Dogg']"
76,Cardiak,"['Joe Budden', 'Lloyd Banks', 'Meek Mill', 'Fabolous', 'Dr. Dre', 'Lloyd Banks', 'Swizz Beatz', 'Fabolous', 'Tony Yayo', 'Styles P', 'Joe Budden', 'Lloyd Banks', 'Beanie Sigel', 'Beanie Sigel', 'Tony Yayo', 'Styles P', 'Swizz Beatz', 'Fabolous', 'Lloyd Banks', 'Fabolous', 'Jadakiss', 'Fabolous', 'Cory Gunz', 'Meek Mill', 'DJ Drama', 'Young Chris', 'Young Chris', 'French Montana', 'Meek Mill', 'Nipsey Hussle', 'Lloyd Banks', 'DJ Drama', 'Jadakiss', 'Nipsey Hussle', 'Meek Mill', 'Meek Mill', 'Joe Budden', 'Ab-Soul', 'Casey Veggies', 'Fabolous', 'Joe Budden', 'The Game (rapper)', 'Sean Combs', 'Kid Ink', 'Dr. Dre', 'Kendrick Lamar', 'DJ Dahi', 'Jill Scott (singer)', 'Fabolous', 'Macklemore', 'Snoop Dogg', 'Beanie Sigel', 'Cory Gunz', 'Mistah F.A.B.', '50 Cent', 'Kid Ink', 'Young Chris', 'Lloyd Banks', '50 Cent', 'Just Blaze', 'Dave East', 'ASAP Ferg', 'Lloyd Banks', 'Fabolous', 'Swizz Beatz', 'Jadakiss', 'Lloyd Banks', 'French Montana']"
77,Casanova (rapper),"['Fabolous', 'Memphis Bleek', 'O.T. Genasis', 'ASAP Rocky', 'Memphis Bleek', 'Jay-Z', 'Young M.A', 'Fabolous', 'Dave East', 'Don Q (rapper)', '50 Cent', 'French Montana', 'Fabolous', 'O.T. Genasis', 'Young M.A', 'Fabolous', 'Dave East', 'Don Q (rapper)', 'Fabolous', 'Fabolous', 'Phresher', 'Problem (rapper)', 'DJ Premier', '50 Cent', 'Uncle Murda', '6ix9ine']"
78,Cassidy (rapper),"['Swizz Beatz', 'Swizz Beatz', 'Swizz Beatz', 'Swizz Beatz', 'Swizz Beatz', 'Meek Mill', 'AR-Ab']"
79,Grandmaster Caz,"['DJ Disco Wiz', 'Will Smith', 'Rakim', 'Big Daddy Kane', 'Jay-Z']"
80,Cazwell,[]
81,Lil' Cease,"[""Lil' Kim"", 'The Notorious B.I.G.', ""Cam'ron"", 'Mase', ""Lil' Kim"", 'Jadakiss', ""Lil' Kim"", 'Mase', 'Redman (rapper)', 'The Notorious B.I.G.', 'Ja Rule', 'Memphis Bleek', 'DJ Whoo Kid', 'Fabolous', 'Chinx', 'Mistah F.A.B.', 'Jay Rock', 'DJ Kay Slay']"
82,John Cena,"['Tha Trademarc', 'Kevin Federline', 'Tha Trademarc', 'Esoteric (rapper)', 'Jake One', 'Wiz Khalifa', 'Murs (rapper)', 'E-40', 'Tha Trademarc', 'Wiz Khalifa', 'Tony Yayo']"
83,Ceschi,"['Sole (hip hop artist)', 'K-the-I???', 'Sole (hip hop artist)', 'Myka 9', 'Sadistik', 'Time (rapper)', 'Sleep (rapper)']"
84,DJ Charlie Chase,"['Grandmaster Caz', 'Jam Master Jay', 'Grandmaster Flash']"
85,Chinx,"['French Montana', 'French Montana', 'Harry Fraud', 'Vado (rapper)', 'French Montana', 'French Montana', 'Harry Fraud', 'Mac Miller', 'Action Bronson', 'Chevy Woods', 'Vado (rapper)', 'Sean Combs', 'Harry Fraud', 'French Montana', 'N.O.R.E.']"
86,DJ Chuck Chillout,['Busta Rhymes']
87,Chyskillz,"['Large Professor', 'Ice Cube', ""Shaquille O'Neal"", 'Mic Geronimo', 'Sauce Money', 'Busta Rhymes', 'Jam Master Jay', 'Large Professor', 'Ice Cube', ""Shaquille O'Neal"", 'Large Professor', 'Mic Geronimo', 'Large Professor', 'Jam Master Jay', 'Jam Master Jay', 'Jam Master Jay', 'Large Professor', 'Ice Cube', 'Hi-C (rapper)', ""Shaquille O'Neal"", 'Mic Geronimo', 'N.O.R.E.', 'N.O.R.E.']"
88,CJ (rapper),"['French Montana', '50 Cent', 'Jay-Z', 'Pop Smoke']"
89,Clams Casino (musician),"['Lil B', 'Mac Miller', 'Vince Staples', 'Lil Peep', 'Lil B', 'Vince Staples', 'Mac Miller', 'Lil B', 'Vince Staples', 'ASAP Rocky', 'Lil Peep']"
90,Sean Combs,"['Heavy D', 'Craig Mack', ""Lil' Kim"", 'Mase', 'Tupac Shakur', 'Nas', 'Shyne', 'Mase', '50 Cent', '50 Cent', 'Jay-Z', 'Tupac Shakur', 'Fat Joe', 'Busta Rhymes', 'Red Café', 'Fabolous', 'French Montana', 'Nick Cannon', 'Black Rob', 'Busta Rhymes', 'Mase', 'Black Rob', 'Busta Rhymes', 'The Notorious B.I.G.']"
91,Consequence (rapper),"['Q-Tip (musician)', 'Q-Tip (musician)', 'Havoc (musician)', 'Jae Millz', 'Conway the Machine', 'Talib Kweli', 'Statik Selektah', 'Termanology', 'Talib Kweli', 'AZ (rapper)', 'Busta Rhymes']"
92,Conway the Machine,"['The Alchemist (musician)', 'Prodigy (rapper)', 'Westside Gunn', 'Benny the Butcher', 'Prodigy (rapper)', 'The Alchemist (musician)', 'Prodigy (rapper)', 'Styles P', 'Lloyd Banks', 'DJ Premier', '38 Spesh', 'Westside Gunn', 'Westside Gunn', 'Prodigy (rapper)']"
93,Cool C,"['Marley Marl', 'Kool G Rap', 'Big Daddy Kane']"
94,Cordae,"['Rakim', 'Nas', 'Big L', 'Talib Kweli', 'Lil Mosey', 'Q-Tip (musician)', 'Nas', 'Jay-Z', 'Capital Steez', 'Big L', 'Kendrick Lamar', 'Jay-Z', 'Nas', 'The Notorious B.I.G.', 'Big L', 'Fabolous', 'Aminé (rapper)', 'Busta Rhymes', 'Nas', 'Problem (rapper)', 'DJ Khalil', 'Statik Selektah']"
95,Cousin Stizz,"['Rob Stone (rapper)', 'Buddy (rapper)', 'Vinylz']"
96,Keef Cowboy,"['Melle Mel', 'Grandmaster Flash', 'Melle Mel']"
97,Jay Critch,"['Lil Tjay', 'Fabolous', 'Jay-Z', 'French Montana', 'Fabolous', 'Lil Tjay', 'Fivio Foreign', 'Lil Tjay', 'Drakeo the Ruler']"
98,Cuban Link,"['Big Pun', 'Fat Joe']"
99,D-Nice,"['Scott La Rock', 'KRS-One', 'Too Short', 'Pharoahe Monch', 'Swizz Beatz']"
100,Daddy-O (rapper),"['Prince Paul (producer)', 'Queen Latifah', ""Lil' Kim""]"
101,Danger Mouse (musician),"['Jay-Z', 'Black Thought', 'ASAP Rocky', 'Jay-Z', 'MF Doom', 'ASAP Rocky', 'Black Thought']"
102,Danny Boy (rapper),"['Slaine (rapper)', 'Ill Bill', 'Slaine (rapper)', 'Ill Bill', 'Slaine (rapper)', 'Ill Bill']"
103,Dash (rapper),"['Ab-Soul', 'Earl Sweatshirt', 'Mac Miller', 'Vince Staples', 'Ab-Soul', 'Action Bronson', 'Earl Sweatshirt', 'Vince Staples', 'Mac Miller', 'Action Bronson', 'Vince Staples', 'ASAP Nast', 'ASAP Ferg', 'Mac Miller', 'Earl Sweatshirt', 'Earl Sweatshirt', 'Mac Miller', 'Bodega Bamz', 'Earl Sweatshirt', 'Domo Genesis', 'Ab-Soul', 'ASAP Rocky', 'ASAP Twelvyy', 'ASAP Ferg', 'ASAP Nast', 'Joey Fatts', 'Ab-Soul', 'Smoke DZA', 'Vince Staples', 'Mac Miller', 'Mac Miller', 'Mac Miller', 'Earl Sweatshirt', 'Domo Genesis']"
104,Desiigner,[]
105,Diabolic (rapper),"['Apathy (rapper)', 'MC Jin', 'Canibus', 'Ill Bill', 'Tyler, the Creator', 'Talib Kweli']"
106,Kosha Dillz,"['Mos Def', 'MF Doom', 'Snoop Dogg', 'Murs (rapper)', 'Fat Joe', 'Ghostface Killah', 'Snoop Dogg', 'Aesop Rock', 'RZA', 'Kool G Rap', 'Nas']"
107,Flipp Dinero,"['Joey Badass', 'Joey Badass', 'Joey Badass']"
108,Disco King Mario,"['Afrika Bambaataa', 'Busy Bee Starski', 'Busy Bee Starski', 'Grandmaster Caz']"
109,DJ Disco Wiz,"['Grandmaster Caz', 'Prince Whipper Whip', 'Afrika Bambaataa', 'Grandmaster Caz', 'Melle Mel', 'KRS-One']"
110,DMX,"['Irv Gotti', 'Mase', 'Tupac Shakur', 'Nas', 'Swizz Beatz', 'Dame Grease', 'Dr. Dre', 'Jay-Z', 'Ja Rule', 'DJ Kay Slay', 'Ja Rule', 'Irv Gotti', 'Jay-Z', 'Ja Rule', 'Tupac Shakur', ""Shaquille O'Neal"", 'Swizz Beatz', 'Eve (rapper)', 'Busta Rhymes', 'Nas', ""Lil' Kim"", 'Method Man', 'Nas', 'Jay-Z']"
111,Tim Dog,"['KRS-One', 'Nas', 'Dr. Dre', 'DJ Quik', 'Eazy-E', 'Ice Cube', 'Dr. Dre', 'Ice Cube', 'Snoop Dogg', 'DJ Quik', 'Tupac Shakur']"
112,B. Dolan,"['Sage Francis', 'Alias (musician)', 'Sage Francis', 'Sage Francis', 'Prolyphic']"
113,Don Q (rapper),"['Dave East', 'Meek Mill', 'Styles P', 'Fabolous', 'Cassidy (rapper)', 'Fabolous', 'Jadakiss', 'Styles P', 'Lloyd Banks', 'Jay-Z', 'Funkmaster Flex', 'Nas', 'Don Cannon', 'Meek Mill', 'Dave East', 'Fabolous', 'Dave East', 'Jadakiss', 'Styles P', 'Fabolous', 'Pusha T', 'Desiigner', 'Dave East', '50 Cent', 'Joyner Lucas', 'Dave East', 'Styles P', 'Jadakiss', 'Desiigner', '50 Cent', 'Jay Critch', 'Dave East', 'Jay Critch', 'Lil Tjay']"
114,MF Doom,"['Ghostface Killah', 'Madlib', 'Bishop Nehru', 'Madlib', 'Ghostface Killah', 'Bishop Nehru', 'Flying Lotus', 'Big Pun', 'Flying Lotus', 'El-P', 'Q-Tip (musician)', 'Madlib', 'MF Grimm', 'Danger Mouse (musician)', 'Bishop Nehru']"
115,Dot da Genius,"['Nas', 'Dr. Dre']"
116,Drag-On,"['Swizz Beatz', 'Swizz Beatz', 'Swizz Beatz', 'DMX', 'Eve (rapper)', 'Jadakiss', 'Styles P', 'Swizz Beatz', 'Beanie Sigel', 'Warren G', 'Memphis Bleek', 'Big Pun', 'Fat Joe', 'Remy Ma', 'Petey Pablo', 'Sheek Louch', ""Ol' Dirty Bastard"", 'Jae Millz', 'DJ Kay Slay', 'Dave East', 'Crooked I', 'Black Thought', 'Conway the Machine', 'Ghostface Killah', 'Inspectah Deck', 'AZ (rapper)', 'Fred the Godson', 'Joell Ortiz', 'Cory Gunz', ""Shaquille O'Neal"", 'Redman (rapper)', 'Big Daddy Kane', 'KRS-One', 'Cassidy (rapper)', 'Freddie Foxxx', 'Ice-T', 'Treach', 'Kool G Rap', ""Lil' Cease"", 'J.R. Writer', 'Vado (rapper)', 'Mistah F.A.B.', 'Saigon (rapper)', 'Melle Mel', 'Grandmaster Caz', 'Havoc (musician)', 'E.D.I. Mean', 'Young Noble', 'McGruff (rapper)', 'Ras Kass', 'Termanology', 'Uncle Murda', 'Consequence (rapper)', 'Bodega Bamz', 'Sauce Money']"
117,DJ Drama,"['Snoop Dogg', 'Fabolous', 'Meek Mill', 'Black Thought', 'Malik B.', 'Snoop Dogg', 'Wiz Khalifa', '50 Cent', 'Nipsey Hussle', 'Skeme', 'Tyler, the Creator', 'Fabolous', 'Snoop Dogg', 'French Montana', 'Fat Joe', 'Dave East']"
118,Dub-L,"['Aesop Rock', 'Aesop Rock', 'KRS-One', 'Kool G Rap', 'Big Daddy Kane', 'MF Grimm', 'MF Doom', 'O.C. (rapper)', 'Aesop Rock', 'Percee P', 'MF Grimm', 'Sean Combs', 'Heavy D', 'Busta Rhymes', 'Ron Browz']"
119,Dutch ReBelle,['Ghostface Killah']
120,DVLP,"['Juelz Santana', 'J.R. Writer', 'Grafh', 'Juelz Santana', 'Fabolous', ""Cam'ron"", 'Fat Joe', 'Juelz Santana', ""Cam'ron"", 'J.R. Writer', 'Grafh', 'Juelz Santana', 'Fabolous', 'Juelz Santana', 'J.R. Writer', ""Cam'ron""]"
121,Smoke DZA,"['Harry Fraud', 'Pete Rock', 'Jay-Z', 'J.R. Writer', 'Wiz Khalifa', 'ASAP Rocky', 'Action Bronson', 'Domo Genesis', 'Schoolboy Q', 'ASAP Twelvyy', ""Cam'ron"", 'Wiz Khalifa', 'Dave East', ""Cam'ron"", 'Mac Miller', 'Jay-Z', 'Kendrick Lamar', 'Wiz Khalifa']"
122,E.D.I. Mean,"['Tupac Shakur', 'Young Noble', 'Tupac Shakur', 'Hussein Fatal', 'Young Noble', 'Xzibit', 'Young Noble', 'Big Syke', 'Big Syke', 'Young Noble', 'Daz Dillinger', 'Young Noble', 'Tupac Shakur', 'Tupac Shakur', 'Big Syke', 'Hussein Fatal', 'Young Noble', 'Yukmouth', 'JT the Bigga Figga']"
123,East Flatbush Project,"['DJ Premier', 'Joe Budden', 'Joell Ortiz', 'Crooked I']"
124,Dave East,"['Nas', 'Wiz Khalifa', 'Method Man', 'Nas', 'Bishop Nehru', 'Fashawn', 'Pusha T', 'Jadakiss', 'Styles P', 'Desiigner', 'Lil Dicky', 'DJ Drama', 'Ms. Jade', 'Fabolous', 'The Game (rapper)', ""Cam'ron"", 'Beanie Sigel', 'Wiz Khalifa', 'Don Q (rapper)', 'Kiing Shooter', 'Styles P', 'Method Man', 'Pop Smoke', 'Teyana Taylor', 'Nas', 'Nipsey Hussle', 'Pop Smoke', 'Harry Fraud', 'Styles P', 'Styles P', 'Jadakiss', ""Cam'ron"", 'Big Pun', 'Nas', 'The Notorious B.I.G.', 'Tupac Shakur', 'Snoop Dogg', 'Method Man']"
125,Ed O.G.,"['Pete Rock', 'DJ Premier', 'Pete Rock', 'DJ Premier', 'RZA', 'KRS-One', 'Black Thought', 'Slaine (rapper)', 'Jake One', 'Ill Bill', 'Buckshot (rapper)', 'Sean Price', 'Ill Bill', 'Akrobatik', 'Pete Rock', 'Guru (rapper)', 'Big Shug', 'Sadat X', 'M-Dot', 'Reks', 'Akrobatik', 'King T', 'Sadat X']"
126,El-P,"['Aesop Rock', 'Cage (rapper)', 'Mr. Lif', 'Aesop Rock', 'Aesop Rock', 'Murs (rapper)', 'Mr. Lif', 'Aceyalone']"
127,Eric B.,"['Rakim', 'Marley Marl', 'Rakim', 'Freddie Foxxx']"
128,Esoteric (rapper),"['Mr. Lif', 'Inspectah Deck', 'John Cena', 'Tha Trademarc', 'Inspectah Deck', 'MF Doom']"
129,Eve (rapper),"['Mase', 'Dr. Dre', 'DMX', 'Foxy Brown (rapper)', 'Nas', 'Swizz Beatz', 'Jill Scott (singer)', 'Swizz Beatz', 'Pusha T', 'Snoop Dogg', 'Jill Scott (singer)', 'Nas', 'Ja Rule']"
130,Eyenine,"['Spose', 'Sage Francis', 'B. Dolan', 'Sage Francis', 'RZA', 'GZA', 'RZA', 'GZA', 'Ghostface Killah', 'U-God', 'Ceschi', 'U-God']"
131,Fabolous,"['Nate Dogg', 'Sean Combs', 'N.O.R.E.', 'Nate Dogg', 'Tupac Shakur', 'Just Blaze', 'Sean Combs', 'Joe Budden', 'Remy Ma', 'Swizz Beatz', 'Jay-Z', 'Pusha T', 'Joe Budden', 'AraabMuzik', 'Cardiak', 'Jadakiss', 'Swizz Beatz', 'French Montana', 'Ty Dolla Sign', 'Sean Combs', 'Jadakiss', 'Action Bronson', 'Jay-Z']"
132,Mickey Factz,['Afrika Bambaataa']
133,Fat Joe,"['Big Pun', 'Remy Ma', 'Cuban Link', 'Ja Rule', 'French Montana', 'KRS-One', 'Foxy Brown (rapper)', 'Prodigy (rapper)', 'Big Pun', 'Sean Combs', 'Jadakiss', 'Cuban Link', 'Remy Ma', 'Ja Rule', 'Busta Rhymes', '50 Cent', 'Busta Rhymes', 'Ron Browz', 'Fabolous', ""Lil' Kim"", 'The Alchemist (musician)', 'DJ Premier', 'Just Blaze', 'Busta Rhymes', ""Cam'ron"", 'Busta Rhymes', 'Jadakiss', 'ASAP Rocky', 'Wiz Khalifa', 'Teyana Taylor', 'Remy Ma', 'French Montana', 'Remy Ma', 'French Montana', 'Remy Ma', 'French Montana']"
134,Hussein Fatal,"['Tupac Shakur', 'Ja Rule', 'Tupac Shakur', 'Ja Rule', 'Young Noble', 'Young Noble']"
135,Felly,['Madlib']
136,ASAP Ferg,"['ASAP Rocky', 'Heavy D', 'Swizz Beatz', 'ASAP Rocky', 'Schoolboy Q', 'French Montana', 'Sean Combs', 'ASAP Rocky', 'Jam Master Jay']"
137,Grandmaster Flash,"['Keef Cowboy', 'Melle Mel', 'Jay-Z']"
138,CJ Fly,"['Joey Badass', 'Ab-Soul', 'Statik Selektah', 'Joey Badass', 'Capital Steez', 'Statik Selektah', 'Wiz Khalifa', 'ASAP Rocky', 'Chevy Woods', 'Smoke DZA', 'Buckshot (rapper)', 'Ab-Soul', 'Phife Dawg', 'Statik Selektah', 'Statik Selektah', 'Conway the Machine', 'The Notorious B.I.G.', 'Nas', 'Jay-Z']"
139,Focus...,"['Dr. Dre', 'Bishop Lamont', 'Busta Rhymes', 'Dr. Dre', 'Dr. Dre', 'Kendrick Lamar', 'Snoop Dogg', 'The Game (rapper)', 'Ice Cube', 'Busta Rhymes', 'Fabolous', '50 Cent', 'Schoolboy Q', 'Mac Dre', 'Petey Pablo', 'Petey Pablo', 'Mac Dre', 'Nate Dogg', 'Kam (rapper)', 'Tony Yayo', 'Bishop Lamont', 'Bishop Lamont', 'Busta Rhymes', 'Jadakiss', 'Bishop Lamont', 'Schoolboy Q', 'Kendrick Lamar', 'Jay Rock', '50 Cent', 'Busta Rhymes', 'Xzibit', 'Bishop Lamont', 'B-Real', 'Terrace Martin', 'Dr. Dre', 'Fabolous', 'Busta Rhymes']"
140,Q Da Fool,[]
141,Fivio Foreign,"['Mase', 'Mase', 'Lil Tjay', 'Pop Smoke', 'Mase', 'Mase', 'Lil Tjay', 'Nas', 'French Montana', 'ASAP Rocky', '6ix9ine', 'Pop Smoke']"
142,Freddie Foxxx,"['Tha Trademarc', 'John Cena', 'MF Doom', 'Eric B.', 'Rakim', 'Queen Latifah', 'O.C. (rapper)', 'DJ Premier', 'Pete Rock', 'The Alchemist (musician)', 'DJ Premier', 'John Cena', 'KRS-One', 'Statik Selektah', 'DJ Premier', 'Kool G Rap', 'O.C. (rapper)', 'O.C. (rapper)', 'Hussein Fatal', 'Pete Rock', 'John Cena', 'Akrobatik', 'Tha Trademarc', 'MF Doom', 'Messy Marv', 'Jay Rock', 'Fat Joe', 'The Audible Doctor', 'Ras Kass', 'MC Eiht', 'Myzery', 'B-Real', 'Big Shug']"
143,Njena Reddd Foxxx,"['Azealia Banks', 'Azealia Banks']"
144,Sage Francis,"['B. Dolan', 'Prolyphic', 'Esoteric (rapper)', 'B. Dolan', 'B. Dolan', 'B. Dolan', 'B. Dolan']"
145,Harry Fraud,"['Action Bronson', 'Benny the Butcher', 'Chinx', 'Dave East', 'French Montana', 'Sean Price', 'Smoke DZA', 'French Montana', 'Prodigy (rapper)', 'Pusha T', 'Talib Kweli', 'Jadakiss', 'Sean Combs', 'Prodigy (rapper)', 'Kool G Rap', 'Mac Miller', 'Chevy Woods', 'Pusha T', 'Earl Sweatshirt', 'Mistah F.A.B.', 'Smoke DZA', 'Wiz Khalifa', 'Jay-Z', ""Cam'ron"", 'French Montana', 'Smoke DZA', 'Dave East', 'French Montana', '38 Spesh', 'Action Bronson', 'Benny the Butcher', 'Lil Peep', 'Isaiah Toothtaker']"
146,Fred the Godson,"['The Notorious B.I.G.', 'Busta Rhymes', ""Cam'ron"", 'Pusha T', 'Jadakiss', 'Sway Calloway', 'Fat Joe', 'Justina Valentine', 'Joell Ortiz']"
147,Freekey Zekey,"[""Cam'ron"", ""Cam'ron"", 'Juelz Santana', ""Cam'ron""]"
148,Frenchie (rapper),"['French Montana', 'Lloyd Banks', 'Tony Yayo', '50 Cent', 'DJ Hurricane', 'Chanel West Coast']"
149,Fresh Kid Ice,"['Mr. Mixx', 'Brother Marquis', 'Mr. Mixx', 'Brother Marquis']"
150,Doug E. Fresh,"['Grandmaster Flash', 'Spoonie Gee', 'Big Daddy Kane']"
151,Funkmaster Flex,"['DJ Chuck Chillout', 'Fabolous', 'Meek Mill', 'Fetty Wap', 'Biz Markie', 'Dr. Dre', 'Jay-Z', 'Method Man', 'Nas', 'Snoop Dogg', 'Pras', 'Pop Smoke', 'Ed Lover', ""Lil' Kim"", 'Fabolous']"
152,Ty Fyffe,"['Erick Sermon', 'MC Lyte', 'Foxy Brown (rapper)', 'Ja Rule', 'Canibus', 'Queen Pen', ""Cam'ron"", 'Nas', 'Erick Sermon', 'Irv Gotti', 'Dr. Dre', 'MC Lyte', 'Ed Lover', 'Erick Sermon', 'Redman (rapper)', 'Craig Mack', 'McGruff (rapper)', 'Foxy Brown (rapper)', 'Big Pun', 'Method Man', 'Irv Gotti', 'Ja Rule', 'Jay-Z', 'Amil', ""Cam'ron"", 'Beanie Sigel', 'Xzibit', 'Dr. Dre', '50 Cent', 'Tony Yayo', 'Ghostface Killah', 'Styles P', 'Prodigy (rapper)', 'Jadakiss', 'Rockwilder', 'Scoop DeVille', 'MC Lyte', 'Erick Sermon', 'Method Man', 'Foxy Brown (rapper)', 'Amil', 'Jay-Z', 'Memphis Bleek', 'Beanie Sigel', '50 Cent', 'Busta Rhymes']"
153,G Koop,"['Pusha T', 'Jake One', 'Jake One', 'MF Doom', 'Ice Cube', 'Pusha T', 'Ice Cube']"
154,Heather B. Gardner,"['Sway Calloway', 'Method Man']"
155,Mic Geronimo,"['Irv Gotti', 'Ja Rule', 'Jay-Z', 'Irv Gotti', 'Ja Rule']"
156,GFMBryyce,[]
157,Ghostface Killah,"['RZA', 'Method Man', 'Jadakiss', 'MF Doom', 'Sheek Louch', 'Method Man', 'Sheek Louch']"
158,Godfather Don,[]
159,Irv Gotti,"['Ja Rule', 'Jay-Z', 'Jay-Z', 'Jay-Z', 'Mic Geronimo', 'Jay-Z', 'Jay-Z', 'Ja Rule', 'Foxy Brown (rapper)', 'Ja Rule', 'Ja Rule', 'Fat Joe', 'Ja Rule', 'Ja Rule', 'Ja Rule', 'Ja Rule', 'Ja Rule', 'Ja Rule', 'Charli Baltimore', 'Ja Rule', 'Eve (rapper)', 'Memphis Bleek', 'The Game (rapper)']"
160,Jean Grae,"['Talib Kweli', 'Jay-Z', 'Black Thought', 'Pumpkinhead (rapper)', 'Pharoahe Monch', 'Talib Kweli', 'Styles P', 'Akir', 'Mr. Lif', 'Joell Ortiz', 'Lil B', 'MC Frontalot']"
161,Grafh,"['DJ Kay Slay', 'Busta Rhymes', 'Sheek Louch', 'Wiz Khalifa', 'Jadakiss']"
162,Dame Grease,"['Termanology', 'Mase', 'Swizz Beatz', ""Ol' Dirty Bastard"", 'Dr. Dre', 'Juelz Santana', 'DJ Drama', 'Hell Rell', 'French Montana', 'N.O.R.E.', 'Styles P', 'Tupac Shakur', 'French Montana', 'Sean Combs', 'Nas', 'French Montana', 'Styles P', 'Method Man', 'Masta Killa', 'Cappadonna']"
163,MF Grimm,"['MF Doom', 'Kool G Rap', 'KRS-One', 'Large Professor', 'MC Lyte', 'GZA', 'Large Professor', 'Tupac Shakur', 'Kool G Rap', 'MF Doom']"
164,Cory Gunz,"['Jay-Z', 'Nick Cannon', 'Nick Cannon', 'Busta Rhymes', 'Wiz Khalifa', 'DJ Drama', 'N.O.R.E.', 'Prodigy (rapper)', 'Jae Millz', 'Smoke DZA', 'Fred the Godson', 'DJ Drama', 'Kid Ink', 'Schoolboy Q', 'Tony Yayo', 'Termanology', 'Jadakiss', 'Busta Rhymes', 'Meek Mill', 'French Montana', 'Mase', 'DJ Kay Slay', 'Method Man']"
165,Guru (rapper),"['DJ Premier', 'The 45 King', 'DJ Premier']"
166,GZA,"['RZA', ""Ol' Dirty Bastard"", 'Easy Mo Bee', 'RZA', 'Method Man', 'Method Man', 'Ghostface Killah', 'Mathematics (producer)', '50 Cent']"
167,Half a Mill,['DJ Scratch']
168,Sleepy Hallow,"['Sheff G', 'Sheff G', 'Sheff G', 'Coi Leray', 'Lil Tjay', 'Sheff G', 'J.I the Prince of N.Y', 'Sheff G', 'Sheff G', 'Lil Tjay', 'Rah Swish']"
169,Charles Hamilton (rapper),"['Nas', 'Asher Roth', 'Cory Gunz', 'Mickey Factz', 'Dr. Dre', 'DJ Skee', 'Dr. Dre', '50 Cent', 'The Alchemist (musician)', 'Mase', 'MC Lyte']"
170,Andre Harrell,"['Sean Combs', 'The Notorious B.I.G.', 'Sean Combs', 'Sean Combs', 'Sean Combs', 'D-Nice']"
171,Havoc (musician),"['Prodigy (rapper)', 'Prodigy (rapper)', 'The Notorious B.I.G.', 'Nas', '50 Cent', 'Method Man', 'Sean Combs', 'Foxy Brown (rapper)', 'Prodigy (rapper)', '50 Cent', 'Nas', 'Method Man', 'The Alchemist (musician)', 'Styles P', 'Sheek Louch', 'Joell Ortiz', 'Cassidy (rapper)', 'Lloyd Banks', 'Prodigy (rapper)', 'Lloyd Banks']"
172,Emile Haynie,"['Ghostface Killah', 'AZ (rapper)', 'Ice Cube', 'Pusha T', 'ASAP Rocky']"
173,Heavy D,"['Pete Rock', 'Marley Marl', 'DJ Premier', 'Pete Rock', 'Andre Harrell', 'Sean Combs']"
174,Hell Rell,"[""Cam'ron"", 'J.R. Writer', 'J.R. Writer', ""Cam'ron"", 'Freekey Zekey', 'Sheek Louch', 'Jadakiss', 'Styles P', 'AZ (rapper)', 'DJ Kay Slay', 'J.R. Writer', 'Termanology']"
175,Samuel T. Herring,"['Madlib', 'Madlib', 'Madlib', 'Clams Casino (musician)', 'Busdriver', 'JPEGMafia', 'Blockhead (music producer)']"
176,Chad Hugo,"['Pusha T', 'No Malice', 'N.O.R.E.', ""Ol' Dirty Bastard"", 'Jay-Z', 'E-40']"
177,DJ Hurricane,"['Xzibit', 'Kool G Rap', 'Black Thought', 'Talib Kweli', 'Jam Master Jay', 'Kool G Rap', 'Xzibit', 'Talib Kweli', 'Pharoahe Monch', 'Black Thought', 'Hittman', 'Talib Kweli', 'Pharoahe Monch', 'Xzibit', 'Kool G Rap', 'Hittman', 'Black Thought']"
178,Ice Spice,"['Lil Tjay', ""Lil' Kim"", 'Jay-Z', '50 Cent', 'Lil Tjay', 'Sheff G', 'Pop Smoke', ""Lil' Kim"", 'Cardi B', 'Foxy Brown (rapper)', 'Remy Ma']"
179,Ill Bill,"['Necro (rapper)', 'Danny Boy (rapper)', 'Slaine (rapper)', 'Sean Price', 'Necro (rapper)', 'Necro (rapper)', 'Necro (rapper)', 'Danny Boy (rapper)', 'Necro (rapper)', 'MF Grimm', 'B-Real', 'Necro (rapper)', 'Necro (rapper)', 'B-Real', 'Necro (rapper)', 'DJ Premier', 'El-P', 'O.C. (rapper)', 'DJ Premier', 'Pete Rock', 'Large Professor', 'El-P', 'Joyner Lucas', 'Busta Rhymes', 'Conway the Machine', 'Pharoahe Monch', 'Kool G Rap', 'Slaine (rapper)', 'Tony Yayo']"
180,Inspectah Deck,"['Method Man', 'Ghostface Killah', 'Method Man', ""Ol' Dirty Bastard"", 'RZA', 'GZA', 'Ghostface Killah', 'Redman (rapper)', 'Method Man', 'DJ Premier', 'Termanology', 'Cappadonna', 'Kurupt', 'Snoop Dogg', 'E-40', 'Nas', 'Jadakiss', 'The Alchemist (musician)', 'Pete Rock', 'RZA', 'MF Doom', 'Ghostface Killah', 'MF Doom']"
181,Islord,['Hell Razah']
182,J.I the Prince of N.Y,"['Lil Tjay', 'The Notorious B.I.G.', 'Nas', 'Jay-Z', 'Big Pun', 'Jay-Z', 'Lil Tjay', 'Lil Tjay', 'Lil Tjay']"
183,J57 (rapper),"['Ras Kass', 'Joey Badass', 'DJ Premier', 'The Audible Doctor', 'Ras Kass', 'DJ Premier', 'Method Man', 'Ras Kass', 'Lil B', 'Joey Badass', 'The Audible Doctor']"
184,Ja Rule,"['Irv Gotti', 'Irv Gotti', 'Mic Geronimo', 'Irv Gotti', 'Jay-Z', 'Method Man', 'Redman (rapper)', 'Nas', 'Black Child', 'Memphis Bleek', 'Busta Rhymes', 'Charli Baltimore', 'Irv Gotti', '50 Cent', 'Busta Rhymes', 'Dr. Dre', 'Fat Joe', 'Jadakiss', 'Queen Latifah', 'Pras', 'Queen Latifah', '50 Cent', 'Dr. Dre', 'Busta Rhymes', 'Jadakiss', 'Lloyd Banks', 'Irv Gotti', '50 Cent', 'Dr. Dre', 'Busta Rhymes', 'Tupac Shakur', 'Jay-Z', 'Irv Gotti', 'Kurupt', 'Dr. Dre', 'Foxy Brown (rapper)', 'Nas', '50 Cent', 'Dr. Dre', 'Eazy-E', 'Jay-Z']"
185,Jadakiss,"['Fabolous', 'Jay-Z', 'Sheek Louch', 'Styles P', 'Sean Combs', 'Mase', 'The Notorious B.I.G.', 'Swizz Beatz', 'Eve (rapper)', 'DJ Premier', 'The Alchemist (musician)', 'Snoop Dogg', 'Nas', 'Swizz Beatz', 'Styles P', 'Nate Dogg', 'DJ Quik', 'Nas', 'Beanie Sigel', 'Beanie Sigel', 'Swizz Beatz', 'Fabolous', 'Busta Rhymes', 'Fat Joe', 'DJ Drama', 'Nas', 'Nipsey Hussle', 'Wiz Khalifa', 'Fetty Wap', 'Fabolous', 'French Montana', 'Swizz Beatz', ""Cam'ron"", 'Styles P', 'Fat Joe', 'Ja Rule', '50 Cent', 'Lloyd Banks', 'Fabolous']"
186,Ms. Jade,[]
187,Mike Jaggerr,['DJ Skee']
188,Jam Master Jay,"['50 Cent', 'Black Child', 'DJ Hurricane', 'Darryl McDaniels', '50 Cent', 'Irv Gotti', '50 Cent', 'Tupac Shakur']"
189,Jasiri X,"['Nas', 'Tupac Shakur', 'The Notorious B.I.G.', 'KRS-One']"
190,Jay-Z,"['The Notorious B.I.G.', 'Jaz-O', 'Jaz-O', 'Big Daddy Kane', 'Big L', 'Mic Geronimo', 'Ja Rule', 'DMX', 'DJ Premier', 'The Notorious B.I.G.', 'Sean Combs', 'Swizz Beatz', 'DJ Premier', 'Erick Sermon', 'Kid Capri', 'Ja Rule', 'Jaz-O', 'Just Blaze', 'Prodigy (rapper)', 'Tupac Shakur', 'Snoop Dogg', 'Nas', 'The Notorious B.I.G.', 'Just Blaze', 'DJ Quik', 'Memphis Bleek', 'Ghostface Killah', 'Foxy Brown (rapper)', 'The Notorious B.I.G.', 'Tupac Shakur', 'Mike Shinoda', 'Sean Combs', 'Nas', 'Just Blaze', 'Dr. Dre', 'Funkmaster Flex', 'Jahlil Beats', 'Jahlil Beats', 'Swizz Beatz', 'Pusha T', 'Pusha T', 'The Notorious B.I.G.', 'Guerilla Black', 'Shock G', '50 Cent', 'Funkmaster Flex', 'Sean Combs', 'Meek Mill', '50 Cent', 'Sean Combs']"
191,Jaz-O,"['Jay-Z', 'Jay-Z', 'Sean Combs', 'Rakim', 'GZA', 'Kool G Rap', 'Queen Latifah', 'Grandmaster Caz', 'Irv Gotti', 'Jay-Z', 'Sean Combs', 'Sauce Money', 'Memphis Bleek', 'Styles P', 'N.O.R.E.', 'Grandmaster Caz', 'The Game (rapper)', 'Nipsey Hussle', 'Grandmaster Caz', 'Jay-Z', 'Jay-Z', 'Sauce Money', 'Ras Kass', 'Rakim', 'Kool G Rap', 'Jay-Z', 'Jay-Z', 'Ras Kass', 'Jay-Z', 'Queen Latifah', 'Rakim', 'Kool G Rap', 'GZA']"
192,MC Jazzy Jeff,['Will Smith']
193,DJ Jazzy Joyce,"['Sweet Tee', 'Sweet Tee']"
194,MC Jin,"['Serius Jones', 'Busdriver', 'DJ Premier', 'Dumbfoundead', 'Cassidy (rapper)', 'Dumbfoundead', 'Mistah F.A.B.', 'Serius Jones', 'Timothy DeLaGhetto']"
195,Jipsta,"['Action Bronson', 'Mic Geronimo', 'Jay-Z']"
196,Joey Badass,"['CJ Fly', 'Capital Steez', 'Capital Steez', 'Mac Miller', 'ASAP Rocky', 'Action Bronson', 'Kendrick Lamar', 'Ab-Soul', 'DJ Premier', 'Smoke DZA', 'Statik Selektah', 'Sean Combs', 'Westside Gunn', 'Capella Grey', 'Nas', 'Tupac Shakur', 'Black Thought', 'Jay-Z', 'The Notorious B.I.G.', 'Big L', 'Kirk Knight', 'ASAP Twelvyy', 'Styles P', 'Fat Joe', 'Big L', 'Inspectah Deck']"
197,Chilla Jones,['Mickey Factz']
198,Serius Jones,"['Jay Rock', 'Jay Rock']"
199,JPEGMafia,"['Vince Staples', ""Ol' Dirty Bastard"", 'Lil B', 'Ice Cube', 'Murs (rapper)']"
200,Junglepussy,"['Le1f', 'Dai Burger', ""Lil' Kim"", ""Lil' Kim"", 'Busta Rhymes', 'Dai Burger', 'Le1f']"
201,Just Blaze,"['Beanie Sigel', 'Jay-Z', 'Saigon (rapper)', 'Mase', 'Beanie Sigel', 'Jay-Z', ""Cam'ron"", 'Juelz Santana', 'Erick Sermon', 'Redman (rapper)', 'Fabolous', 'Joe Budden', 'Joe Budden', 'Busta Rhymes', 'Memphis Bleek', 'Talib Kweli', 'Sean Combs', 'Ghostface Killah', 'Juelz Santana', 'Saigon (rapper)', 'Swizz Beatz', 'Kendrick Lamar', 'Swizz Beatz']"
202,Just-Ice,['KRS-One']
203,Ka$hdami,[]
204,Kangol Kid,[]
205,Kastro (rapper),"['Tupac Shakur', 'E.D.I. Mean', 'E.D.I. Mean', 'Tupac Shakur']"
206,DJ Kay Slay,"[""Cam'ron"", 'Busta Rhymes', 'Sauce Money', 'Ghostface Killah', 'Grafh', 'Uncle Murda', 'Vado (rapper)', 'Grandmaster Flash', 'Sauce Money', 'Foxy Brown (rapper)', 'Swizz Beatz', 'N.O.R.E.', 'WC (rapper)', 'Lloyd Banks', 'Busta Rhymes', 'Jaz-O', 'DJ Drama', 'Fabolous', 'French Montana', 'Fat Joe', '50 Cent', 'Ice-T', ""Shaquille O'Neal"", 'Coke La Rock', 'KRS-One', 'Kool G Rap', 'Ghostface Killah', 'Nas', 'Foxy Brown (rapper)', 'Fat Joe', 'Joe Budden', 'Busta Rhymes', 'Busta Rhymes', 'Jaz-O', 'DJ Drama', 'Fabolous', 'French Montana', 'Jadakiss', 'Blueface']"
207,Kemba (rapper),"['Joell Ortiz', 'Kendrick Lamar', 'Mac Miller', 'Kendrick Lamar', 'Joey Badass']"
208,Jamie Kennedy,[]
209,Wiz Khalifa,"['Snoop Dogg', 'Ty Dolla Sign', 'Berner (rapper)', 'The Game (rapper)', 'U-God', 'Fashawn', 'Del the Funky Homosapien', 'Murs (rapper)', 'Cage (rapper)', 'Snoop Dogg', 'Rakim', 'KRS-One', '50 Cent', 'Ty Dolla Sign', 'Hoodie Allen', 'Ty Dolla Sign', 'Snoop Dogg', 'Snoop Dogg', 'Snoop Dogg']"
210,Killa Sin,"['Mase', '50 Cent', 'Method Man', 'Method Man', ""Ol' Dirty Bastard"", 'RZA', 'Inspectah Deck', 'RZA', 'Ghostface Killah', 'Inspectah Deck', 'Masta Killa', 'Ghostface Killah', 'Ghostface Killah', 'Method Man', '9th Prince', 'Hell Razah', 'Method Man']"
211,Kirk Knight,"['ASAP Ferg', 'Capital Steez', 'Joey Badass', 'Smoke DZA', 'CJ Fly']"
212,Tate Kobang,"['Swizz Beatz', 'Method Man', 'Cassidy (rapper)']"
213,Kool G Rap,"['38 Spesh', 'The Notorious B.I.G.', 'Nas', 'Jay-Z', 'Eric B.', 'Marley Marl', 'Buckwild (music producer)', 'Nas', 'MF Grimm', 'DJ Premier', 'Marley Marl', '38 Spesh', 'Nas', 'Kool Moe Dee', 'Jay-Z', 'Treach', 'N.O.R.E.', 'Fat Joe', 'Big Pun', 'Termanology', 'Black Thought', 'RZA', 'Ghostface Killah', 'O.C. (rapper)', 'Memphis Bleek', 'Kurupt', 'Pharoahe Monch', 'Action Bronson', 'Big Daddy Kane', 'Rakim', 'KRS-One', 'Lloyd Banks', 'Ice-T', 'Necro (rapper)', '38 Spesh']"
214,Kool Moe Dee,"['Big Daddy Kane', 'KRS-One', 'Rakim', 'Will Smith', 'Tupac Shakur', 'Nas', 'Jay-Z', 'Melle Mel', 'Big Daddy Kane', 'Ice-T', 'Melle Mel', 'Grandmaster Caz', 'Melle Mel', 'Big Daddy Kane', 'Ice-T', 'Hi-C (rapper)', 'Will Smith', 'Nas']"
215,KRS-One,"['Scott La Rock', 'Scott La Rock', 'D-Nice', 'DJ Premier', 'Kid Capri', 'Busta Rhymes', 'Fat Joe', 'Salaam Remi', 'Marley Marl', 'Nas', 'Big Daddy Kane', 'Scott La Rock', 'D-Nice', 'Marley Marl', 'Buckshot (rapper)', 'Freddie Foxxx']"
216,Talib Kweli,"['Mos Def', 'Just Blaze', 'Mos Def', 'Mos Def', 'Pharoahe Monch', 'Nine (rapper)', 'El-P', 'Wordsworth (rapper)', 'Grafh', 'Cappadonna', 'Ras Kass', '88-Keys', 'Mos Def', 'DJ Quik', 'Jay-Z', 'Just Blaze', 'Nick Cannon', 'Madlib', 'Jean Grae', 'Just Blaze', 'Pete Rock', 'Buckshot (rapper)', 'Darryl McDaniels', 'Mix Master Mike', 'Kendrick Lamar', 'Busta Rhymes', 'RZA', 'Oh No (musician)', 'Harry Fraud', 'Black Thought', 'Statik Selektah', 'Styles P', 'Styles P', 'DMX', 'Ice Cube', 'The Game (rapper)', 'Mos Def', 'Jasiri X', 'Pharoahe Monch', 'Mos Def', 'Madlib', 'Styles P', 'Mos Def', 'Madlib']"
217,Big L,"['Funkmaster Flex', 'Nas', 'O.C. (rapper)', 'Fat Joe', 'Buckwild (music producer)', ""Cam'ron"", 'McGruff (rapper)', 'O.C. (rapper)', 'McGruff (rapper)', 'Jay-Z', ""Cam'ron"", 'Fat Joe', 'Tupac Shakur', 'Guru (rapper)', 'Kool G Rap', 'Big Daddy Kane', 'Nas', 'Funkmaster Flex', 'The Notorious B.I.G.', 'Doug E. Fresh', 'Big Pun']"
218,Coke La Rock,"['Afrika Bambaataa', 'Grandmaster Flash', 'KRS-One', 'Afrika Bambaataa', 'Scott La Rock', 'DJ Kay Slay']"
219,Scott La Rock,"['KRS-One', 'D-Nice', 'KRS-One', 'D-Nice']"
220,Lady B,['Will Smith']
221,Lady Crush,[]
222,Al Sherrod Lambert,"['Al Sherrod Lambert', 'Swizz Beatz', 'Ty Dolla Sign', 'Kendrick Lamar', 'Lecrae', 'Mac Miller', 'Mac Miller', 'Mac Miller']"
223,Lamiere,"['Jadakiss', 'Remy Ma', 'Jay-Z', 'The Notorious B.I.G.', ""Lil' Kim"", 'Ice Spice', 'Cardi B']"
224,Knero Lapaé,"['MC Lyte', 'Buckshot (rapper)', 'The Notorious B.I.G.', 'Nas', 'Prodigy (rapper)', 'Big Daddy Kane', 'Biz Markie', 'Rakim', 'Ghostface Killah', 'KRS-One', '50 Cent', 'Kool G Rap', 'AZ (rapper)', 'Treach']"
225,Larry Larr,[]
226,Sabor Latino,[]
227,Lee on the Beats,"['Kid Ink', 'French Montana', 'Meek Mill', 'Method Man', 'Fabolous', 'Joe Budden', 'Kid Ink', 'Meek Mill', 'French Montana', 'French Montana', 'Vado (rapper)', 'Fetty Wap', 'Chinx', 'Meek Mill', 'French Montana', 'Meek Mill', 'Wiz Khalifa', 'Bkorn', 'Funkmaster Flex', 'Busta Rhymes', 'Meek Mill', 'Kid Ink', 'Chinx', 'Chinx', 'Bkorn', 'Bkorn', 'Chinx', 'Jahlil Beats', 'Fetty Wap', 'Ty Dolla Sign']"
228,HeeSun Lee,[]
229,Trip Lee,"['Lecrae', 'Sho Baraka', 'Andy Mineo', 'V. Rose', 'Tedashii', 'Lecrae']"
230,Le1f,"['Spank Rock', 'Junglepussy', 'Dai Burger', 'Macklemore', 'Junglepussy']"
231,Johan Lenox,"['Nas', 'Teyana Taylor']"
232,Coi Leray,"['Benzino', 'Benzino', 'Benzino', 'Fetty Wap', 'Sleepy Hallow', 'Fivio Foreign', 'Young M.A', 'Lil Tecca']"
233,Alrad Lewis,"['Beanie Sigel', ""Cam'ron"", 'Nas', 'Mickey Factz']"
234,Rob Lewis (record producer),"['Funkmaster Flex', 'Nine (rapper)']"
235,Mr. Lif,"['El-P', 'Aesop Rock', 'Akrobatik', 'Akrobatik', 'KRS-One', 'Rakim', 'El-P', 'Akrobatik', 'Akrobatik', 'El-P', 'Murs (rapper)', 'Aesop Rock', 'Akrobatik']"
236,Like (record producer),"['Kendrick Lamar', 'Ab-Soul', 'Kendrick Lamar', 'The Game (rapper)', 'Mac Miller', 'Ab-Soul', 'Joey Badass', 'Asher Roth', 'Mac Miller', 'Talib Kweli', 'Kendrick Lamar', 'Ab-Soul', 'Asher Roth', 'Joey Badass', 'Channel Tres', 'Tyler, the Creator', 'Kendrick Lamar', 'Kendrick Lamar']"
237,Lil Dicky,"['GaTa', 'Wiz Khalifa', 'Nas', 'Jay-Z', 'Dave East', 'Snoop Dogg', 'Fetty Wap', 'Dave East', 'Desiigner', 'ASAP Rocky', 'Snoop Dogg']"
238,Lil Mama,"['MC Lyte', 'MC Lyte', ""Lil' Kim"", 'Snoop Dogg', 'Teyana Taylor', 'Nas', 'MC Lyte', ""Lil' Kim"", 'Queen Latifah', 'Jay-Z']"
239,Lil Peep,"['Wiz Khalifa', 'Clams Casino (musician)', 'Harry Fraud', 'ILoveMakonnen', 'ASAP Nast', 'Lil Xan', 'Ty Dolla Sign', 'El-P', 'Lil B']"
240,Lil Tjay,"['Ice Spice', '24kGoldn', 'Fivio Foreign', 'Pop Smoke', 'Fivio Foreign', 'Jadakiss', 'Ice Spice', 'Meek Mill', 'Lil Mosey']"
241,Lil' Kim,"['The Notorious B.I.G.', 'MC Lyte', 'The Notorious B.I.G.', 'Remy Ma', 'Fabolous', 'Sean Combs', 'Nas', 'Foxy Brown (rapper)', 'Nas', 'DJ Whoo Kid', 'Fat Joe', 'Fabolous', '50 Cent', 'Rockwilder', 'French Montana', 'Jadakiss', 'Desiigner', 'Eve (rapper)', 'Remy Ma', 'Fabolous', 'O.T. Genasis', 'MC Lyte', 'The Notorious B.I.G.', 'Queen Latifah', 'Ed Lover', ""Lil' Cease"", 'MC Lyte', 'Eve (rapper)', 'Remy Ma', 'Cardi B', 'Teyana Taylor', 'Casanova (rapper)', 'Saweetie', 'Ice Spice', 'Kool Moe Dee', 'Fabolous', '50 Cent', 'The Notorious B.I.G.', 'Big Pun', 'Jay-Z', 'Queen Latifah', 'French Montana', 'Remy Ma']"
242,Lin Que,"['MC Lyte', 'Queen Latifah', 'MC Lyte', 'Queen Latifah', 'MC Lyte']"
243,Ex-plicit linez,"['Tiger JK', 'Melle Mel', 'Grandmaster Caz']"
244,Dusty Locane,"['Rah Swish', 'Rah Swish', 'Rah Swish', 'DJ Drama', 'Rah Swish', 'Don Q (rapper)', 'DJ Drama']"
245,Nicholas Loftin,"[""Lil' Kim"", 'E-40', 'Nick Cannon', 'Nas', ""Lil' Kim"", 'Fat Joe', 'E-40', 'Nick Cannon', 'Biz Markie', 'Nas']"
246,DJ Logic,[]
247,Sheek Louch,"['Ghostface Killah', 'Styles P', 'Jadakiss', 'Jadakiss', 'Styles P', 'Sean Combs', 'Ghostface Killah', 'Ghostface Killah']"
248,Louis Logic,[]
249,Ed Lover,['Nas']
250,Jan Lucanus,"['Jay-Z', ""Cam'ron""]"
251,Joyner Lucas,"['Desiigner', 'Kendrick Lamar', 'Fabolous', 'The Game (rapper)', 'Lil Tjay', 'Will Smith', 'Will Smith', 'Jay-Z', 'Hopsin', 'Meek Mill', 'Kendrick Lamar', 'Don Q (rapper)']"
252,MC Lyte,"['Charles Hamilton (rapper)', 'Queen Latifah', 'Yo-Yo (rapper)', 'Will Smith', 'Jay-Z', 'Antoinette (rapper)', 'Heavy D', 'Big Daddy Kane', 'Queen Latifah', 'Yo-Yo (rapper)', 'KRS-One', 'Guru (rapper)', 'Ice Cube', 'Ice-T', 'Warren G', 'Lin Que', 'Bahamadia', 'Pete Rock', 'Busta Rhymes', 'Will Smith', 'Erick Sermon', 'Redman (rapper)', 'Phife Dawg', 'DJ Premier', ""Lil' Kim"", 'Remy Ma', 'Doug E. Fresh', 'Charles Hamilton (rapper)', 'Jay-Z', 'Cardi B', 'Young M.A', 'Lil Mama', 'Tyler, the Creator', 'Redman (rapper)', 'Rakim', 'Doug E. Fresh', 'Kool Moe Dee', 'Melle Mel', 'Spoonie Gee', 'Queen Latifah', 'Kendrick Lamar', 'Queen Latifah', ""Lil' Kim"", 'Eve (rapper)', 'Q-Tip (musician)', 'Yo-Yo (rapper)', 'Queen Latifah']"
253,M-Dot,"['Big Shug', 'Method Man', 'Marley Marl', 'Large Professor', 'Buckwild (music producer)', 'Pete Rock', 'Kool G Rap', 'Large Professor', 'Esoteric (rapper)', 'Big Shug', 'DJ Premier', 'Casey Veggies', 'Saigon (rapper)', 'Hell Rell', 'Big Shug', 'Reks', 'Ill Bill', 'Termanology', 'Big Shug', 'Big Shug', 'Ras Kass', 'Ras Kass', 'Large Professor', 'Big Shug', 'Esoteric (rapper)', 'Big Shug', 'Big Shug', 'Akrobatik']"
254,Remy Ma,"['Big Pun', 'Fat Joe', 'Big Pun', 'Fat Joe', 'Big Pun', 'Big Pun', 'Fat Joe', 'Fat Joe', ""Lil' Kim"", 'French Montana', 'Joe Budden', 'Funkmaster Flex', 'Foxy Brown (rapper)', 'Queen Latifah', 'Fat Joe', 'Queen Latifah', 'Young M.A', ""Lil' Kim"", 'MC Lyte', 'Cardi B', 'Fat Joe']"
255,China Mac,['MC Jin']
256,Mach-Hommy,"['Earl Sweatshirt', 'Westside Gunn', 'Westside Gunn', 'Westside Gunn', 'Prodigy (rapper)', 'Knxwledge', 'Westside Gunn', 'Conway the Machine', 'Westside Gunn', 'Westside Gunn', 'The Alchemist (musician)', 'Evidence (musician)', 'Earl Sweatshirt', 'Westside Gunn', 'Westside Gunn', 'Westside Gunn']"
257,Craig Mack,"['Sean Combs', 'The Notorious B.I.G.', 'Busta Rhymes', 'Biz Markie', 'DJ Scratch', 'Erick Sermon']"
258,Kellee Maize,[]
259,Malik B.,[]
260,Roc Marciano,"['Busta Rhymes', 'The Alchemist (musician)', 'Action Bronson', 'Q-Tip (musician)', 'MF Doom', 'Pete Rock', 'Kendrick Lamar', 'Consequence (rapper)', 'Evidence (musician)', 'Knxwledge']"
261,Biz Markie,"['Canibus', 'Will Smith', 'Coolio', 'Fat Joe', 'Marley Marl', 'Will Smith', 'Nick Cannon', 'Ice-T', 'Fat Joe', 'Big Daddy Kane', 'Rakim', 'Doug E. Fresh', 'Nick Cannon', 'Prince Paul (producer)']"
262,Marley Marl,"['Spoonie Gee', 'Kool G Rap', 'Biz Markie', 'The Notorious B.I.G.', 'RZA', 'DJ Premier', 'Madlib', 'Pete Rock', 'Big Daddy Kane', 'Big Daddy Kane', 'Biz Markie', 'Kool G Rap', 'KRS-One', 'KRS-One']"
263,Brother Marquis,"['Mr. Mixx', 'Fresh Kid Ice', 'Ice-T', 'Mr. Mixx', 'Fresh Kid Ice', 'Ice-T', 'Jay-Z', 'Mr. Mixx', 'Fresh Kid Ice', 'Ice-T', 'Ice-T', 'Jay-Z', 'Fresh Kid Ice', 'Mr. Mixx', 'Ice-T', 'Fresh Kid Ice', 'E-40', 'Fresh Kid Ice', 'Mr. Mixx']"
264,Skizzy Mars,[]
265,Theo Martins,[]
266,Mase,"['Sean Combs', 'Sean Combs', ""Cam'ron"", ""Cam'ron"", 'Big L', 'McGruff (rapper)', 'Sean Combs', 'Funkmaster Flex', '50 Cent', 'DJ Whoo Kid', 'Ron Browz', ""Cam'ron"", 'Ron Browz', 'Sean Combs', 'French Montana', 'Funkmaster Flex', 'French Montana', 'Pusha T', 'Jay-Z', 'Sean Combs', 'Meek Mill', 'Fabolous', ""Cam'ron"", 'Pusha T', 'Fabolous', 'Jay-Z']"
267,Masta Killa,"['GZA', 'GZA', 'Inspectah Deck', 'Ghostface Killah', 'Pete Rock', 'MF Doom', 'Kurupt', ""Ol' Dirty Bastard"", 'GZA', 'RZA']"
268,Mathematics (producer),"['GZA', 'Biz Markie', 'Big Daddy Kane', 'Marley Marl', 'RZA', ""Ol' Dirty Bastard"", 'Ghostface Killah', 'Method Man', 'Inspectah Deck', 'Redman (rapper)', ""Ol' Dirty Bastard"", 'Masta Killa', 'Cappadonna', 'Ghostface Killah', 'Redman (rapper)']"
269,Ivan Matias,['Busta Rhymes']
270,Lady May (rapper),"['Remy Ma', 'Styles P', 'Foxy Brown (rapper)', 'DJ Kay Slay', 'Remy Ma', 'Lloyd Banks', 'Jay-Z']"
271,Darryl McDaniels,"['Talib Kweli', 'Mix Master Mike']"
272,McGruff (rapper),"['Big L', ""Cam'ron"", 'Mase', 'Big L', ""Cam'ron"", 'Mase', 'Heavy D', ""Cam'ron"", 'DJ Kay Slay', 'Fat Joe', 'Ghostface Killah', 'Sheek Louch', 'N.O.R.E.', 'Prodigy (rapper)']"
273,Megahertz (record producer),"['Jay-Z', '50 Cent', 'Nas', 'Busta Rhymes', 'Ice Cube', 'Nate Dogg', 'Snoop Dogg', 'Jay-Z', '50 Cent', 'Busta Rhymes', 'Nas', ""Shaquille O'Neal"", 'Snoop Dogg', 'Jay-Z', '50 Cent', 'Busta Rhymes', 'Nas', '50 Cent', 'Nas', 'Tony Yayo', 'Ice Cube', 'WC (rapper)', 'Mack 10', 'Jay-Z', 'Nas', 'Jay-Z', 'Nas', 'Nas', 'Jay-Z', 'Dr. Dre']"
274,Melle Mel,"['Big Daddy Kane', 'John Cena', 'Ice-T', 'Kool Moe Dee', 'Grandmaster Caz', 'Grandmaster Flash', 'Afrika Bambaataa']"
275,Method Man,"['Redman (rapper)', ""Ol' Dirty Bastard"", 'The Notorious B.I.G.', 'Spice 1', 'RZA', 'Tupac Shakur', 'Busta Rhymes', 'B-Real', 'Coolio', 'Redman (rapper)', 'RZA', 'RZA', 'Jay-Z', 'Ja Rule', 'Busta Rhymes', 'Erick Sermon', 'Inspectah Deck', 'Saigon (rapper)', 'Rockwilder', 'Pete Rock', 'Nas', 'Beanie Sigel', '50 Cent', 'Ghostface Killah', 'Sean Combs', 'Redman (rapper)', 'Ghostface Killah', 'Havoc (musician)', 'Grandmaster Flash', 'Ghostface Killah', 'GZA', 'Ghostface Killah', 'Ghostface Killah', 'Cappadonna', 'Big Pun', 'Beanie Sigel']"
276,Mike D,[]
277,Mikey D,"['Large Professor', 'Grandmaster Caz', 'Large Professor', 'Melle Mel', 'Large Professor', 'Large Professor', 'Large Professor']"
278,Derrick Milano,"['Pop Smoke', 'Ty Dolla Sign', 'Wiz Khalifa']"
279,Meek Mill,"['Jay-Z', 'Will Smith', 'Ms. Jade', 'DJ Drama', 'Vado (rapper)', 'Swizz Beatz', 'Beanie Sigel', 'Nas', 'Jadakiss', 'Jay-Z', 'Cassidy (rapper)', 'Funkmaster Flex', 'AR-Ab', 'Fat Joe', 'Remy Ma', 'Fabolous', 'Jadakiss', 'The Game (rapper)', 'Young M.A', 'Beanie Sigel', 'Funkmaster Flex', '6ix9ine', 'Kendrick Lamar', '50 Cent', 'Joe Budden', 'French Montana']"
280,Mac Miller,"['Wiz Khalifa', 'Kendrick Lamar', 'Meek Mill', 'Schoolboy Q', 'Ab-Soul', 'Earl Sweatshirt', 'Tyler, the Creator', 'Action Bronson', 'Vince Staples', '88-Keys', 'Madlib', 'Big L', 'Wiz Khalifa']"
281,Jae Millz,[]
282,Mims (rapper),"['KRS-One', 'Redman (rapper)', 'Snoop Dogg', 'KRS-One', 'Redman (rapper)', 'Mann (rapper)']"
283,Andy Mineo,"['Lecrae', 'Lecrae', 'Lecrae', 'Sho Baraka', 'Jadakiss', 'Tedashii', 'Bizzle', 'Busta Rhymes', 'Dr. Dre', 'Snoop Dogg', 'Kurupt', 'Nate Dogg', 'Sean Combs', ""Lil' Kim"", 'The Notorious B.I.G.', 'Lecrae', 'Sho Baraka', 'Sho Baraka']"
284,Mr. Muthafuckin' eXquire,"['El-P', 'El-P', 'El-P', 'The Alchemist (musician)', 'Fashawn', 'E-40', 'Action Bronson']"
285,Mr. Mixx,"['Fresh Kid Ice', 'Brother Marquis', 'Afroman', 'Fresh Kid Ice', 'Brother Marquis', 'Fresh Kid Ice', 'Brother Marquis', 'Fresh Kid Ice', 'Brother Marquis', 'Fresh Kid Ice', 'Brother Marquis', 'Fresh Kid Ice', 'Brother Marquis', 'Afroman']"
286,Easy Mo Bee,"['The Notorious B.I.G.', 'Sean Combs', 'Ras Kass', 'RZA', 'Busta Rhymes', 'GZA', 'Kurupt', 'Big Daddy Kane', 'Mos Def', 'Craig Mack', 'Queen Latifah', 'Big Daddy Kane', 'The Notorious B.I.G.', 'Tupac Shakur', 'Marley Marl', 'GZA', 'RZA', 'Sean Combs', 'Craig Mack', 'Busta Rhymes', 'Busta Rhymes', 'Busta Rhymes', 'Prodigy (rapper)', 'Kool G Rap', 'Sauce Money', 'Kurupt', 'Big Daddy Kane', 'Ras Kass', 'Mos Def', 'Black Rob', 'Sean Price', 'Wiz Khalifa']"
287,Pharoahe Monch,"['Mos Def', 'Nate Dogg', 'Jill Scott (singer)', 'Styles P', 'Jean Grae', 'Sean Price', 'Kool Moe Dee', 'O.C. (rapper)']"
288,French Montana,"['Sean Combs', 'Chinx', 'Harry Fraud', 'Remy Ma', 'Uncle Murda', 'Jae Millz', 'Tony Yayo', 'Harry Fraud', 'Jadakiss', 'Remy Ma', 'Fat Joe', 'Wiz Khalifa', 'Nipsey Hussle', 'Fat Joe', 'Fat Joe', 'Funkmaster Flex', 'Sean Combs', 'DJ Drama', 'Funkmaster Flex', 'Kid Ink', 'Macklemore', 'Hopsin', 'Sway Calloway', 'Red Café', 'Prodigy (rapper)', 'Fabolous', 'Swizz Beatz', 'Snoop Dogg', 'Joe Budden', 'ASAP Ferg', 'Schoolboy Q', 'ASAP Rocky', 'Snoop Dogg', 'Wiz Khalifa', 'Jay-Z', 'Remy Ma', 'Cardi B', 'Fivio Foreign', 'Saweetie', 'Sean Combs', 'Tupac Shakur', 'The Notorious B.I.G.', 'Nas', 'Snoop Dogg', 'Fat Joe', 'Remy Ma', 'Fat Joe', 'Remy Ma']"
289,Mos Def,"['Talib Kweli', 'Ali Shaheed Muhammad', 'Talib Kweli', 'Madlib', 'Talib Kweli', 'Madlib', 'Black Thought', 'Talib Kweli', 'Talib Kweli', 'Saigon (rapper)', 'Kendrick Lamar', 'Talib Kweli']"
290,Ali Shaheed Muhammad,"['Q-Tip (musician)', 'Phife Dawg']"
291,Uncle Murda,"['Bobby Shmurda', 'DJ Kay Slay', 'Tony Yayo', 'Young M.A', 'Vado (rapper)', '6ix9ine', 'Kiing Shooter', '50 Cent', 'Jay-Z', 'Jay-Z', 'Fabolous', 'Jay-Z', 'Jay-Z', '50 Cent', 'French Montana', 'Jadakiss', 'Styles P', 'Vado (rapper)', ""Cam'ron"", '50 Cent', 'French Montana', 'Bobby Shmurda', 'Young M.A', 'Casanova (rapper)', '6ix9ine', 'Dave East', 'DJ Kay Slay', 'French Montana', 'Joell Ortiz', 'Fabolous', 'Jay-Z', 'Statik Selektah', 'Jadakiss', 'Termanology', 'Memphis Bleek', 'Tony Yayo', 'Tony Yayo', 'Sheek Louch', 'Busta Rhymes', 'Lloyd Banks', 'Busta Rhymes', 'Busta Rhymes', 'Busta Rhymes', 'DJ Kay Slay', 'Mistah F.A.B.', 'Grafh', 'Vado (rapper)', 'Cassidy (rapper)', 'Joell Ortiz', 'French Montana', 'Styles P', 'N.O.R.E.', 'Jadakiss', 'Jadakiss', 'Tony Yayo', 'Styles P', 'DJ Kay Slay', 'Vado (rapper)', 'Sauce Money', 'Capone (rapper)', 'J.R. Writer', 'DJ Kay Slay', 'Sheek Louch', 'Vado (rapper)', 'Vado (rapper)', 'Vado (rapper)', 'DJ Kay Slay', 'Sheek Louch', 'Styles P', 'Styles P', 'Tony Yayo', 'Joell Ortiz', 'DJ Kay Slay', 'DJ Kay Slay', 'Memphis Bleek', 'Cassidy (rapper)', 'Dave East', 'Vado (rapper)', 'Vado (rapper)', 'Vado (rapper)', 'Vado (rapper)', 'Method Man', 'Sheek Louch', 'Dave East', 'Styles P', 'Ron Browz', 'E-40', 'B-Legit', 'Statik Selektah']"
292,Keith Murray,"['Redman (rapper)', 'Erick Sermon', 'Erick Sermon', 'Tupac Shakur', 'Busta Rhymes', 'Redman (rapper)', 'Busta Rhymes', 'Redman (rapper)']"
293,Myzery,['Ice-T']
294,N.O.R.E.,"['Capone (rapper)', 'Big Pun', ""Cam'ron"", 'Jadakiss', 'Styles P', 'Busta Rhymes', 'Capone (rapper)', 'Nas', 'Kool G Rap', 'Big Pun', 'Busta Rhymes', 'Swizz Beatz', 'Mase', 'Jay-Z', 'Jadakiss', 'Kurupt', 'Busta Rhymes']"
295,Nas,"['Large Professor', 'Jay-Z', 'Hit-Boy', 'Large Professor', 'Rakim', 'Kool G Rap', 'Rakim', 'Large Professor', 'Pete Rock', 'Q-Tip (musician)', 'DJ Premier', 'AZ (rapper)', 'Rakim', 'AZ (rapper)', 'Kool G Rap', 'The Notorious B.I.G.', 'AZ (rapper)', 'Foxy Brown (rapper)', 'Dr. Dre', 'B-Real', 'KRS-One', 'RBX', 'DJ Premier', 'Sean Combs', 'Marley Marl', 'Jay-Z', 'Jadakiss', 'Darryl McDaniels', '50 Cent', 'DJ Premier', 'Dr. Dre', 'DJ Premier', 'Jay-Z', 'Dave East', 'Aloe Blacc', 'Swizz Beatz', 'RZA', 'Hit-Boy', 'ASAP Rocky', 'DJ Premier', 'Hit-Boy', 'Rakim', 'Kool Moe Dee', 'O.C. (rapper)', 'Beanie Sigel', ""Cam'ron"", 'Funkmaster Flex', 'Fat Joe', 'AZ (rapper)', 'KRS-One', 'DMX', 'Jay-Z', 'Tupac Shakur']"
296,ASAP Nast,"['Method Man', 'ASAP Rocky', 'Dash (rapper)', 'ASAP Ferg', 'Method Man', 'Method Man', 'ASAP Rocky', 'ASAP Ferg', 'ASAP Twelvyy', 'ASAP Rocky', 'ASAP Twelvyy', 'ASAP Ferg', 'Dash (rapper)']"
297,Necro (rapper),"['Ill Bill', 'Kool G Rap', 'Ill Bill', 'Ill Bill', 'Kool G Rap', 'Big Daddy Kane', 'KRS-One', 'Rakim', 'Cage (rapper)', 'Ghostface Killah', 'Kool G Rap', 'Ill Bill', 'Ill Bill', 'Kool G Rap', 'Ill Bill', 'Ill Bill', 'Ill Bill', 'Skinhead Rob', 'Ill Bill']"
298,Bishop Nehru,"['MF Doom', 'Dizzy Wright', 'Nas', 'Mos Def', 'DJ Premier', 'Madlib', 'MF Doom', 'Fashawn', 'Nas', 'Dizzy Wright', 'MF Doom', '50 Cent', 'ASAP Rocky', 'Tupac Shakur', 'Dizzy Wright', 'MF Doom']"
299,Neo da Matrix,"['Cassidy (rapper)', 'Swizz Beatz', 'Fabolous', 'Swizz Beatz', 'Cassidy (rapper)', 'Cassidy (rapper)', 'Jadakiss', 'Swizz Beatz', 'Young Chris', 'Fabolous', 'Juelz Santana', 'Drag-On', 'Jadakiss', 'Jadakiss', 'Cassidy (rapper)', 'Fabolous', 'Juelz Santana', 'Jadakiss', 'Fabolous', 'Swizz Beatz', 'Young Chris', 'Styles P', 'Swizz Beatz', 'Swizz Beatz', 'Jadakiss', 'Sheek Louch', 'Jay-Z', 'N.O.R.E.', 'Cassidy (rapper)', 'Fabolous', 'Cassidy (rapper)', 'Swizz Beatz', 'Fabolous', 'Cassidy (rapper)', 'Memphis Bleek', 'Swizz Beatz', 'Cassidy (rapper)', 'Jadakiss', 'Rakim', 'Drag-On', 'Cassidy (rapper)', 'Fabolous', 'Beanie Sigel', 'Drag-On', 'Sheek Louch', 'Drag-On', 'Styles P', 'Busta Rhymes', 'Ya Boy']"
300,Nine (rapper),"['Funkmaster Flex', 'KRS-One']"
301,Nitty (musician),[]
302,No Malice,"['Pusha T', 'Pusha T', 'DJ Khalil', 'Lecrae', 'Pusha T', 'Lecrae', 'Bizzle', 'Statik Selektah', 'Erick Sermon', 'Pusha T']"
303,Young Noble,"['Tupac Shakur', 'Hussein Fatal', 'B-Legit']"
304,NOE (rapper),"['Jay-Z', 'Sean Combs']"
305,Princess Nokia,"['MC Lyte', 'Queen Latifah', 'Junglepussy']"
306,The Notorious B.I.G.,"['Charli Baltimore', 'Sean Combs', ""Lil' Kim"", 'Tupac Shakur', 'Mase', 'Jay-Z', 'Busta Rhymes', 'Big Daddy Kane', 'Sean Combs', 'Tupac Shakur', ""Lil' Cease"", 'Yukmouth', 'Craig Mack', 'Busta Rhymes', ""Shaquille O'Neal"", 'Daz Dillinger', ""Lil' Cease"", 'Charli Baltimore', 'E-40', ""Lil' Kim"", ""Lil' Cease"", 'Andre Harrell', 'Snoop Dogg', ""Lil' Kim"", ""Lil' Cease"", 'Queen Latifah', 'Mase', 'Jay-Z', 'DJ Premier', 'Charli Baltimore', ""Lil' Kim"", 'Treach', 'Busta Rhymes', 'Foxy Brown (rapper)', 'Sean Combs', 'Mase', ""Lil' Cease"", 'Charli Baltimore', 'Sean Combs', 'Sean Combs', 'Bishop Lamont', 'Big Daddy Kane', 'Jay-Z', 'Guerilla Black', 'Jay-Z', '50 Cent', 'Fat Joe', 'Ja Rule', 'Snoop Dogg', 'Beanie Sigel', 'Sean Combs', ""Lil' Kim"", 'Tupac Shakur', 'Mase']"
307,O.C. (rapper),"['Buckwild (music producer)', 'Big L', 'DJ Premier', 'Freddie Foxxx', 'Nas', 'Guru (rapper)', 'Ill Bill', 'Jay-Z', 'Pete Rock', 'Sadat X', 'Ras Kass', 'Rakim', 'Big Daddy Kane', 'Nas', 'Buckwild (music producer)', 'Pharoahe Monch', 'Nas', 'DJ Premier', 'Freddie Foxxx', 'Chubb Rock', 'DJ Premier', 'Apathy (rapper)', 'Q-Tip (musician)', 'KRS-One', 'Mic Geronimo', 'The Notorious B.I.G.', 'KRS-One', 'Killa Sin', 'Buckwild (music producer)', 'Buckwild (music producer)', 'Pharoahe Monch', 'Buckwild (music producer)', 'Jay-Z', 'Pete Rock', 'Ras Kass', 'Guru (rapper)', 'Big L', 'Ras Kass', 'Pharoahe Monch', 'Ill Bill', 'Buckwild (music producer)', 'Sadat X', 'Ill Bill', 'Large Professor', 'Inspectah Deck', 'Oh No (musician)', 'Pharoahe Monch', 'Roc Marciano', 'Reks', 'Apathy (rapper)']"
308,Ol' Dirty Bastard,"['GZA', 'RZA', '60 Second Assassin (rapper)', '9th Prince', 'Method Man', 'RZA', 'GZA', 'Sean Combs', 'RZA', 'RZA', 'Pras']"
309,Shaquille O'Neal,"['Snoop Dogg', 'Nas', 'Sean Combs']"
310,Oompa (rapper),[]
311,Joell Ortiz,"['Dr. Dre', 'Crooked I', 'Dr. Dre', 'KRS-One', 'Big Daddy Kane', 'Styles P', 'Grafh', 'Ras Kass', 'Big Daddy Kane', 'Styles P', 'Grafh', 'Ras Kass', 'Joe Budden', 'Crooked I', 'DJ Khalil', 'Pharoahe Monch', 'Joe Budden', 'Crooked I', 'Crooked I', 'Mr. Capone-E', 'Big Pun', 'Cuban Link', 'Fat Joe', 'Fred the Godson', 'Crooked I']"
312,Styles P,"['Sheek Louch', 'Jadakiss', 'Jadakiss', 'Sheek Louch', 'Sean Combs', 'Mase', 'Sean Combs', 'Dave East', 'Jadakiss', 'Talib Kweli', 'Berner (rapper)', 'Dave East', 'Havoc (musician)']"
313,Prince Paul (producer),"['MC Lyte', 'Big Daddy Kane', 'RZA', 'Eazy-E', 'Big Daddy Kane', 'Xzibit', 'Sadat X', 'The Notorious B.I.G.', 'Del the Funky Homosapien', 'MC Paul Barman', 'Ice-T', 'Wordsworth (rapper)', 'Biz Markie', 'Dr. Dre', 'MC Paul Barman']"
314,Felicia Pearson,"['ASAP Rocky', 'Snoop Dogg', 'Tony Yayo']"
315,Pepa (rapper),"['Treach', 'MC Lyte', 'Salt (rapper)', 'Queen Latifah', 'Will Smith', 'Treach']"
316,Percee P,"['Madlib', 'Oh No (musician)', 'Madlib', 'Madlib', 'Aesop Rock', 'Oh No (musician)', 'Godfather Don', 'Aesop Rock', 'DJ Babu', 'Dudley Perkins (rapper)']"
317,Pete Rock,"['Ed O.G.', 'Heavy D', 'Smoke DZA', 'DJ Premier', 'RZA', 'Q-Tip (musician)', 'Heavy D', 'CL Smooth', 'DJ Premier', 'DJ Premier', 'Smoke DZA', 'Sean Combs', 'The Notorious B.I.G.', 'Q-Tip (musician)', 'CL Smooth', 'Ed O.G.', 'Smoke DZA', 'Canibus']"
318,Petey Pablo,"['Black Rob', 'Busta Rhymes']"
319,Thee Phantom,[]
320,Phife Dawg,"['Q-Tip (musician)', 'Ali Shaheed Muhammad', 'Q-Tip (musician)', 'Ali Shaheed Muhammad', 'Pete Rock', 'Jill Scott (singer)', 'Q-Tip (musician)', 'Queen Latifah', ""Shaquille O'Neal"", 'Pete Rock', 'Consequence (rapper)', 'Oh No (musician)', 'CJ Fly', 'Ali Shaheed Muhammad']"
321,Stelios Phili,"['Crystal Caines', 'E-40']"
322,Jamal Phillips,"['Erick Sermon', 'Redman (rapper)', 'Busta Rhymes', 'Yukmouth', 'Erick Sermon', 'Easy Mo Bee', 'Redman (rapper)', 'Rockwilder', 'The Notorious B.I.G.', 'Yukmouth', 'Busta Rhymes', 'Beanie Sigel', 'Coolio', 'Method Man', 'Busta Rhymes', 'Treach', 'The D.O.C.']"
323,Phresher,"['Remy Ma', 'Cardi B', '50 Cent', 'Remy Ma', 'DJ Whoo Kid', 'Busta Rhymes', 'Joey Badass', 'Cardi B', 'Fivio Foreign', 'Casanova (rapper)', 'Jay-Z', 'The Notorious B.I.G.', 'Desiigner', 'Remy Ma', 'Don Q (rapper)', 'Cardi B', 'Casanova (rapper)', 'Benny the Butcher', 'Ash Riser', 'Casanova (rapper)']"
324,Pras,"[""Ol' Dirty Bastard"", ""Ol' Dirty Bastard"", ""Ol' Dirty Bastard"", 'Young M.A']"
325,DJ Premier,"['KRS-One', 'Nas', 'Guru (rapper)', 'Afu-Ra', 'AZ (rapper)', 'Big Daddy Kane', 'Big L', 'Big Shug', 'Canibus', 'Doug E. Fresh', 'Dr. Dre', 'Fat Joe', 'Freddie Foxxx', 'The Game (rapper)', 'Ill Bill', 'Jay-Z', 'KRS-One', 'Mac Miller', 'Mos Def', 'Nas', 'The Notorious B.I.G.', 'O.C. (rapper)', 'Rakim', 'Ras Kass', 'Reks', 'Snoop Dogg', 'Xzibit', 'Apathy (rapper)', 'Method Man', 'Afu-Ra', 'KRS-One', 'Big Shug', 'Bahamadia', 'Westside Gunn', 'Benny the Butcher', 'Marley Marl', 'Jam Master Jay', 'Grandmaster Flash', 'Afrika Bambaataa', 'Freddie Foxxx']"
326,Sean Price,"['Termanology', 'Buckshot (rapper)', 'Pharoahe Monch', 'Ill Bill', 'Memphis Bleek']"
327,Prince Whipper Whip,['Ice-T']
328,Princess Superstar,"['Bahamadia', 'Grandmaster Flash', 'Snoop Dogg', 'Busta Rhymes', 'MC Paul Barman', 'Grandmaster Flash']"
329,Prodigy (rapper),"['Havoc (musician)', 'Nas', 'Tupac Shakur', '50 Cent', 'Tupac Shakur', 'The Notorious B.I.G.', 'Busta Rhymes', 'Saigon (rapper)', 'Crooked I', 'Havoc (musician)', 'Jay-Z', 'Ghostface Killah', 'KRS-One', 'Ice-T', 'The Alchemist (musician)']"
330,Large Professor,"['Nas', 'Busta Rhymes', 'Big Daddy Kane', 'Kool G Rap', 'Pete Rock', 'MF Grimm', 'Nas', 'N.O.R.E.', 'Kool G Rap']"
331,Prolyphic,"['Sage Francis', 'B. Dolan', 'Sage Francis', 'Sole (hip hop artist)', 'B. Dolan', 'Alias (musician)', 'Sage Francis', 'B. Dolan', 'Sage Francis']"
332,Pumpkinhead (rapper),"['Jean Grae', 'Redman (rapper)', 'Doug E. Fresh', 'Tupac Shakur', 'Jean Grae', 'Jean Grae', 'Talib Kweli']"
333,Pusha T,"['No Malice', 'No Malice', 'No Malice', 'DJ Khalil', 'Swizz Beatz', 'Lloyd Banks', 'Funkmaster Flex', 'Hit-Boy', '50 Cent', 'Joell Ortiz', 'Kendrick Lamar', 'Just Blaze', 'Don Cannon', 'Swizz Beatz', 'Sean Combs', 'Jay-Z', '88-Keys', 'Craig Mack', 'Jay-Z', 'Consequence (rapper)', 'Beanie Sigel', 'Busta Rhymes', 'Styles P', 'Swizz Beatz']"
334,Q-Tip (musician),"['Consequence (rapper)', 'Phife Dawg', 'Ali Shaheed Muhammad', 'Apache (rapper)', 'Tupac Shakur', 'Nas', 'Craig Mack', 'Buckshot (rapper)', 'Busta Rhymes', 'Busta Rhymes', 'Consequence (rapper)', 'Large Professor', 'Jay-Z', 'Cordae', 'Nas', 'Eve (rapper)']"
335,Queen Latifah,"['Ice Cube', ""Lil' Kim"", 'Jill Scott (singer)', 'Will Smith', 'Macklemore', 'KRS-One', 'Foxy Brown (rapper)', 'Queen Pen', 'Eve (rapper)', ""Lil' Kim"", 'Jill Scott (singer)', 'Remy Ma', 'Foxy Brown (rapper)', 'Jill Scott (singer)', 'The Notorious B.I.G.', ""Lil' Kim""]"
336,Queen Pen,"['Dr. Dre', 'Foxy Brown (rapper)', 'Queen Latifah', 'N.O.R.E.', ""Cam'ron"", 'Kurupt']"
337,Radamiz,"['Statik Selektah', 'Nas', 'Statik Selektah', 'Ab-Soul', 'Dash (rapper)', 'Dash (rapper)', 'Ab-Soul']"
338,Rah Swish,"['Pop Smoke', 'Pop Smoke', '50 Cent', 'Jay-Z', 'The Notorious B.I.G.', 'Pop Smoke', 'Dusty Locane', 'Fivio Foreign', 'Pop Smoke', 'Dusty Locane', 'Dusty Locane', 'Don Q (rapper)', 'Fetty Wap', 'Dusty Locane', 'Pop Smoke', 'Sleepy Hallow', 'Sheff G', 'Pop Smoke', 'Dusty Locane', 'Fivio Foreign']"
339,Rakim,"['Kool Moe Dee', 'Eric B.', 'Marley Marl', 'Large Professor', 'Dr. Dre', 'Dr. Dre', 'Jay-Z', 'Dr. Dre', 'Jake One', 'Ali Shaheed Muhammad', 'KRS-One', 'KRS-One', 'GZA', 'Ghostface Killah', 'Nas', 'Jay-Z', 'The Notorious B.I.G.', '50 Cent']"
340,Kyle Rapps,"['Kosha Dillz', 'KRS-One', 'Action Bronson', 'Murs (rapper)', ""Mr. Muthafuckin' eXquire"", 'Fat Joe', 'Talib Kweli', 'KRS-One', 'Joell Ortiz', 'Murs (rapper)', 'Action Bronson', ""Mr. Muthafuckin' eXquire"", 'Kosha Dillz', 'KRS-One', 'Action Bronson', ""Mr. Muthafuckin' eXquire"", 'Murs (rapper)', 'Talib Kweli', 'Joell Ortiz', 'KRS-One', 'KRS-One', 'Action Bronson', ""Mr. Muthafuckin' eXquire"", 'Murs (rapper)', 'Talib Kweli', 'Joell Ortiz']"
341,Hell Razah,"['Talib Kweli', 'Ras Kass', 'Crooked I', 'Ill Bill']"
342,Oryn the Rebel,"['Grandmaster Caz', 'Shock G']"
343,Red Café,"['Fabolous', 'Fabolous', 'Sean Combs', 'Mack 10', 'Remy Ma', 'French Montana', 'Fabolous', 'The Game (rapper)', 'Fabolous']"
344,Redman (rapper),"['Method Man', 'Erick Sermon', 'Method Man', 'Method Man']"
345,Reks,"['Statik Selektah', 'Termanology', 'Action Bronson', 'Slaine (rapper)', 'DJ Premier', 'Styles P', 'Termanology', 'N.O.R.E.']"
346,Salaam Remi,"['Nas', 'Black Thought', 'Nas', 'Joell Ortiz', 'Terrace Martin', 'Busta Rhymes', 'Nas', 'Black Thought', 'Doug E. Fresh', 'D-Nice', 'Doug E. Fresh', 'Biz Markie', 'Biz Markie', 'Doug E. Fresh', 'Biz Markie', 'Kool G Rap', 'Nas', 'Pras', 'Queen Pen', 'Canibus', 'Nas', 'Snoop Dogg', 'Nas', 'Nas', 'Nas', 'Nas', 'Nas', 'Nas', 'Nas', 'Nas', 'Nas', 'Nas', 'Nas', 'Nas', 'Nas', 'Doug E. Fresh', 'Nas', 'Nas', 'Nas', 'Nas', 'Nas', 'Nas', 'Nas', 'Nas', 'Nas', 'Nas', 'Nas', 'Nas', 'Nas', 'Method Man', 'Doug E. Fresh', 'Canibus', 'Canibus', 'ASAP Ferg', 'Black Thought', 'Nas', 'Terrace Martin', 'Black Thought', 'Berner (rapper)', 'Bodega Bamz', 'Terrace Martin', 'Joell Ortiz', 'Joell Ortiz', 'Joell Ortiz', 'Joell Ortiz', 'Joell Ortiz', 'Terrace Martin', 'Terrace Martin', 'Terrace Martin', 'Terrace Martin', 'Terrace Martin', 'Bodega Bamz', 'Bodega Bamz', 'Bodega Bamz', 'Bodega Bamz', 'Conway the Machine', 'Bodega Bamz', 'Busta Rhymes', 'ASAP Ferg', 'Black Thought', 'D-Nice', 'Busta Rhymes', 'Black Thought', 'Doug E. Fresh', 'Black Thought', 'Black Thought', 'Black Thought', 'Nas', 'Black Thought', 'Nas']"
347,Moshe Reuven,[]
348,Busta Rhymes,"['The Notorious B.I.G.', 'Jay-Z', 'Big Daddy Kane', 'The Notorious B.I.G.', 'KRS-One', 'Ice Cube', 'Sean Combs', 'The Notorious B.I.G.', 'Craig Mack', 'Coolio', ""Ol' Dirty Bastard"", 'Nas', 'Dr. Dre', 'Swizz Beatz', 'Nas', 'Ron Browz', 'Asher Roth', 'Ron Browz', 'DJ Premier', 'N.O.R.E.', 'Heavy D', 'Fat Joe', 'Jadakiss', 'Black Thought', 'Joell Ortiz', 'Kendrick Lamar', 'Rakim', 'Q-Tip (musician)', 'Talib Kweli', 'Kendrick Lamar', 'Tyler, the Creator', 'Big Daddy Kane']"
349,DJ Richie Rich,[]
350,Chubb Rock,"['O.C. (rapper)', 'Coolio', 'Fat Joe', 'Ed O.G.', 'Black Rob', 'Nas', 'Special K (rapper)']"
351,Rockwilder,"['Redman (rapper)', 'Method Man', 'Busta Rhymes', 'Erick Sermon', 'Jay-Z', 'Xzibit', 'Redman (rapper)', 'Jay-Z', 'Busta Rhymes', 'Xzibit', ""Lil' Kim"", 'Nas', 'Redman (rapper)', 'Erick Sermon']"
352,ASAP Rocky,"['Kendrick Lamar', 'ASAP Nast', 'Kendrick Lamar', 'Schoolboy Q', 'ASAP Ferg', 'Danger Mouse (musician)', 'Emile Haynie', 'Tyler, the Creator', 'Tyler, the Creator', 'ASAP Ferg', 'French Montana', 'Schoolboy Q', 'RZA', 'Casanova (rapper)', 'Schoolboy Q', 'Tyler, the Creator', 'Teyana Taylor']"
353,Roscoe (rapper),"['Kurupt', 'Nate Dogg', 'Daz Dillinger', 'Xzibit', 'Kendrick Lamar', 'Jahlil Beats', 'Jake One', 'Just Blaze', 'Statik Selektah', 'Kurupt', 'Kurupt']"
354,Asher Roth,"['Don Cannon', 'DJ Drama', 'Charles Hamilton (rapper)', 'Cory Gunz', 'Mickey Factz', 'Swizz Beatz', 'Pete Rock', 'Jay-Z', 'Jay-Z']"
355,Elle Royal,[]
356,David Rush (rapper),['Redfoo']
357,RZA,"['GZA', ""Ol' Dirty Bastard"", '9th Prince', ""Ol' Dirty Bastard"", 'GZA', 'Inspectah Deck', 'Method Man', 'Masta Killa', 'Prince Paul (producer)', 'Mathematics (producer)', 'Inspectah Deck', 'Nas', 'Busta Rhymes', 'Talib Kweli', 'Earl Sweatshirt', 'Just Blaze', 'DJ Scratch']"
358,Sadat X,"['Buckwild (music producer)', 'Ill Bill', 'The Notorious B.I.G.', 'Biz Markie', 'Fat Joe', 'Ill Bill', 'Kurupt', 'Pete Rock', 'Buckwild (music producer)', 'Sir Jinx', 'The Notorious B.I.G.', 'Marley Marl', 'Ed O.G.']"
359,Saga (rapper),"['Roc Marciano', 'The Alchemist (musician)', 'Exile (producer)']"
360,Saigon (rapper),"['DJ Kay Slay', 'Just Blaze', 'Statik Selektah', 'Just Blaze', 'Jay-Z', 'Kool G Rap', 'Prodigy (rapper)', 'Havoc (musician)']"
361,Salt (rapper),['MC Lyte']
362,Juelz Santana,"[""Cam'ron"", 'Memphis Bleek', ""Cam'ron"", 'Freekey Zekey', 'Jay-Z', 'Hell Rell', 'Just Blaze', 'Fabolous', 'Meek Mill', 'Wiz Khalifa']"
363,Sauce Money,"['Jay-Z', 'Jaz-O', 'Big Daddy Kane', 'DJ Kay Slay', 'Jay-Z', 'Big Daddy Kane', ""Ol' Dirty Bastard"", 'DJ Premier', 'Beanie Sigel', 'DJ Kay Slay', 'Ghostface Killah', 'Redman (rapper)', 'Kool G Rap', 'Crooked I', 'AZ (rapper)', 'Styles P', 'Black Thought', 'Busta Rhymes', 'Sheek Louch', 'Joell Ortiz', 'E-40', 'Grandmaster Caz', 'Coke La Rock', 'Melle Mel', 'Ice-T', 'McGruff (rapper)']"
364,Scar Lip,"['DMX', 'Swizz Beatz', 'Jadakiss', 'Benny the Butcher', 'Snoop Dogg', 'Cardi B', 'Swizz Beatz', 'Jadakiss', 'Benny the Butcher']"
365,Schoolly D,"['KRS-One', 'Ice-T']"
366,Jill Scott (singer),"['Will Smith', 'Pharoahe Monch', 'Dr. Dre', 'Queen Latifah']"
367,DJ Scratch,"['Jam Master Jay', 'Busta Rhymes', '50 Cent', 'Talib Kweli', 'Pharoahe Monch', 'Ali Shaheed Muhammad', 'Grandmaster Flash', 'Busta Rhymes', 'Busta Rhymes', 'Funkmaster Flex', 'Busta Rhymes', 'Talib Kweli', 'Busta Rhymes', 'Busta Rhymes']"
368,Sensational (musician),[]
369,Sensato del Patio,"['Sky Blu (rapper)', 'Sky Blu (rapper)']"
370,Erick Sermon,"['Redman (rapper)', 'DJ Scratch', 'Redman (rapper)', 'Busta Rhymes', 'Busta Rhymes', 'Redman (rapper)', 'Rakim', 'KRS-One', 'Chubb Rock', 'Craig Mack']"
371,Sha Money XL,"['50 Cent', 'TeeFlii', '50 Cent', 'Half a Mill', '50 Cent', 'Ja Rule', 'Beanie Sigel', ""Lil' Kim"", 'Lloyd Banks', 'Daz Dillinger', 'Snoop Dogg', 'Soopafly', 'Ron Browz', 'Tony Yayo', 'Spider Loc', 'Havoc (musician)', 'Prodigy (rapper)', 'Lloyd Banks', 'DJ Whoo Kid', 'Mase', 'Bobby Shmurda', 'Mac Miller', 'Domo Genesis', 'DJ Whoo Kid']"
372,Jonathan Shecter,"['Redman (rapper)', 'Benzino', 'DJ Premier']"
373,Sheff G,"['Sleepy Hallow', '22Gz', 'The Notorious B.I.G.', 'Sleepy Hallow', 'Jay Critch', 'Sleepy Hallow', 'Sleepy Hallow', 'Fivio Foreign']"
374,Bobby Shmurda,"['Jahlil Beats', 'Uncle Murda', 'Lloyd Banks', 'Jay-Z', 'French Montana', ""Lil' Kim"", 'Fabolous', 'Jadakiss', 'Busta Rhymes', 'Jahlil Beats', 'Meek Mill', '6ix9ine', 'Uncle Murda', 'Chinx', '6ix9ine', 'The Game (rapper)', 'Skeme', 'Ty Dolla Sign', 'French Montana', 'Too Short', 'Juelz Santana', 'Dave East']"
375,Shock G,"['Tupac Shakur', 'Ed Lover', 'Tupac Shakur', 'Murs (rapper)']"
376,Kiing Shooter,"['Dave East', 'Don Q (rapper)', 'Uncle Murda', 'Dave East', 'Don Q (rapper)', 'Snoop Dogg', 'Dave East', 'Don Q (rapper)', 'Pop Smoke', 'Uncle Murda', 'Dave East', 'Mac Dre', 'Dave East', 'Dave East', 'Uncle Murda']"
377,Shyne,"['Sean Combs', 'Sean Combs', 'Mase', 'Sean Combs', '50 Cent', 'Nas', 'Busta Rhymes', 'Sean Combs', 'Sean Combs', '50 Cent', 'Kendrick Lamar']"
378,Beanie Sigel,"['Jay-Z', 'Young Chris', 'Jay-Z', 'Alrad Lewis', 'Buckwild (music producer)', ""Cam'ron"", '50 Cent', 'Statik Selektah', '50 Cent', 'Jadakiss', 'Meek Mill', 'Funkmaster Flex']"
379,Silkski,"[""Ol' Dirty Bastard"", 'Ice-T', 'DJ Quik', 'Skee-Lo', ""Ol' Dirty Bastard"", 'Ghostface Killah', 'RZA', 'Ice-T', 'Ice-T', 'Tupac Shakur', 'Snoop Dogg', 'Kurupt', 'Daz Dillinger', 'Tupac Shakur', 'Ice-T', 'Cappadonna']"
380,Siya,"['Sage the Gemini', 'Fat Joe', 'Fabolous']"
381,DJ Skee,"['Kendrick Lamar', 'Snoop Dogg', 'Eazy-E']"
382,Lil Skies,"['Wiz Khalifa', '50 Cent', 'Fetty Wap']"
383,Skinnyfromthe9,"['Fetty Wap', 'Jay Critch', 'Jay Critch', 'Fetty Wap', 'Wiz Khalifa', 'Jay Critch']"
384,Slaine (rapper),"['Ed O.G.', 'Danny Boy (rapper)', 'Ill Bill', 'Termanology', 'Ill Bill', 'Kool Moe Dee', 'Danny Boy (rapper)', 'Ill Bill', 'Ed O.G.', 'Esoteric (rapper)', 'Ed O.G.', 'Termanology']"
385,Rashad Smith (producer),"['Mos Def', 'Busta Rhymes', 'Q-Tip (musician)', 'Andre Harrell', 'Sean Combs', 'Busta Rhymes', 'Fat Joe', 'MC Lyte', ""Lil' Kim"", 'Foxy Brown (rapper)', '50 Cent', 'Craig Mack', 'MC Lyte', 'Busta Rhymes', 'Nas', 'Foxy Brown (rapper)', 'Big Pun', '50 Cent', 'Ghostface Killah', 'Craig Mack', 'The Notorious B.I.G.', 'The Notorious B.I.G.', 'MC Lyte', 'Busta Rhymes', 'Nas', ""Lil' Kim"", 'Sean Combs', 'MC Lyte', 'Busta Rhymes', 'Busta Rhymes', 'Yo-Yo (rapper)', 'Yo-Yo (rapper)', 'Fat Joe', 'Busta Rhymes', 'Yo-Yo (rapper)', '50 Cent', '50 Cent', 'Big Pun', 'Ghostface Killah', 'MC Lyte', 'Busta Rhymes', ""Ol' Dirty Bastard"", ""Lil' Kim"", 'Busta Rhymes']"
386,Will Smith,"['Kool Moe Dee', 'Pepa (rapper)']"
387,Pop Smoke,"['50 Cent', 'Lil Tjay', 'Fivio Foreign', '50 Cent', '50 Cent']"
388,CL Smooth,"['Pete Rock', 'Heavy D', 'AZ (rapper)', 'Sauce Money', 'Big Daddy Kane', 'Kool G Rap', 'Pete Rock', 'AZ (rapper)', 'Sauce Money', 'Big Daddy Kane', 'Kool G Rap', 'Q-Tip (musician)', 'AZ (rapper)', 'Sauce Money']"
389,Sam Sneed,"['Dr. Dre', 'Jay-Z']"
390,Sole (hip hop artist),[]
391,Sonaro,"['Fabolous', 'French Montana', 'Dave East', 'Fabolous', 'French Montana', 'Jadakiss', 'Styles P', 'Flipp Dinero', 'Lloyd Banks', 'Prodigy (rapper)', 'Meek Mill', ""Lil' Kim"", 'Fabolous', 'DJ Drama', 'Jahlil Beats', 'Fabolous', 'Jadakiss', 'Styles P', 'Joe Budden', 'Teyana Taylor', 'Lloyd Banks', 'Meek Mill', 'French Montana', 'Fabolous', 'Funkmaster Flex', 'Fabolous', 'Fabolous', 'Dave East', 'Flipp Dinero', 'Fabolous', 'Fabolous', 'Dave East', 'Fabolous', 'Fabolous', 'Fabolous', 'Fabolous', 'Fat Joe', 'Dave East', 'Jadakiss', 'Fabolous', '50 Cent', 'Fabolous', 'Fabolous', 'Fabolous', 'Fabolous', 'French Montana', 'Prodigy (rapper)', 'Fabolous', 'Joe Budden', 'Teyana Taylor', 'Lloyd Banks', 'Fabolous', 'Fabolous', 'Jadakiss', 'Styles P', 'Lloyd Banks', 'Fabolous', 'Fabolous', 'Fabolous']"
392,Souleye (hip hop artist),[]
393,Spank Rock,"['Le1f', 'Mos Def', 'Le1f']"
394,Special K (rapper),"['Spoonie Gee', 'Kool Moe Dee', 'Doug E. Fresh', 'Ed O.G.', 'Spoonie Gee']"
395,Jimmy Spicer,['Busta Rhymes']
396,Spoonie Gee,"['Kool Moe Dee', 'Schoolly D', 'Marley Marl']"
397,Spose,"['Chris Webby', 'Termanology']"
398,Busy Bee Starski,"['Melle Mel', 'Afrika Bambaataa', 'KRS-One', 'Melle Mel', 'Afrika Bambaataa', 'Kool Moe Dee', 'KRS-One', 'Marley Marl', 'Ice-T', 'Funkmaster Flex', 'KRS-One', 'Marley Marl', 'KRS-One']"
399,Statik Selektah,"['Action Bronson', 'Freddie Foxxx', 'CJ Fly', 'Joey Badass', 'Crooked I', 'Saigon (rapper)', 'Slaine (rapper)', 'Termanology', 'Termanology', 'DJ Premier', 'Funkmaster Flex', 'Termanology', 'Mac Miller', 'Saigon (rapper)', 'Termanology', 'Slaine (rapper)', 'Action Bronson', 'Reks', 'Crooked I', 'CJ Fly']"
400,Stezo,[]
401,David Stones,"['Buckshot (rapper)', '50 Cent', 'Buckshot (rapper)', 'No Malice', 'Jay-Z', 'Nas', 'AZ (rapper)', 'Snoop Dogg', 'Dr. Dre']"
402,Street Life (rapper),"['Method Man', 'Ghostface Killah', 'Method Man', 'Method Man', 'Cappadonna', 'Mathematics (producer)', 'Method Man', 'Inspectah Deck', 'RZA', 'GZA', 'Masta Killa', 'Ghostface Killah']"
403,DJ Stretch Armstrong,"['Nas', 'Big Pun', 'Jay-Z', 'Busta Rhymes', 'Fat Joe', ""Cam'ron"", 'Talib Kweli', 'Big L', 'The Notorious B.I.G.']"
404,Mike Stud,[]
405,Swizz Beatz,"['Cassidy (rapper)', 'Eve (rapper)', 'Jay-Z', 'Styles P', 'Busta Rhymes', 'Jay-Z', 'Cassidy (rapper)', 'Cassidy (rapper)', 'Drag-On', 'Jadakiss', 'Rakim', 'Pusha T', 'Dr. Dre', 'Nas', 'ASAP Rocky', 'Kendrick Lamar']"
406,Yhaunai Takiyal,"['Flying Lotus', 'Flying Lotus']"
407,Teyana Taylor,"['Fabolous', 'Hit-Boy', ""Cam'ron"", 'Jadakiss', 'Fabolous', 'Hit-Boy']"
408,Lil Tecca,[]
409,Sweet Tee,"['DJ Jazzy Joyce', 'Antoinette (rapper)', 'DJ Jazzy Joyce', 'Kid Capri', 'DJ Jazzy Joyce']"
410,Termanology,"['Reks', 'Statik Selektah', 'Slaine (rapper)', 'DJ Premier', 'Pete Rock', 'Large Professor', 'Easy Mo Bee', 'Buckwild (music producer)', 'Statik Selektah', 'Kid Ink', 'Cory Gunz', 'DJ Kay Slay', 'Sheek Louch', 'N.O.R.E.', 'Sean Price', 'Inspectah Deck', 'Saigon (rapper)', 'Q-Tip (musician)', 'Statik Selektah', 'Slaine (rapper)']"
411,Token (rapper),"['Sway Calloway', 'Lil Xan', 'Lil Skies', 'Lil Skies']"
412,Tone Trump,['Hell Rell']
413,Tha Trademarc,"['John Cena', 'John Cena']"
414,Treach,"['Pepa (rapper)', 'Queen Latifah', 'Tupac Shakur', 'Apache (rapper)', 'Eazy-E', 'Tupac Shakur']"
415,Turbo B,[]
416,ASAP Twelvyy,"['AraabMuzik', 'Smoke DZA', 'ASAP Rocky', 'Big L', 'Nas', '50 Cent', 'Big Pun', 'ASAP Rocky', 'ASAP Nast', 'ASAP Ferg', 'ASAP Rocky', 'ASAP Nast', 'AZ (rapper)', 'ASAP Ferg', 'Asher Roth', 'Smoke DZA', 'Vado (rapper)', 'Harry Fraud', 'Statik Selektah', 'Kirk Knight']"
417,U-God,"['Cappadonna', 'Method Man', 'Inspectah Deck', 'RZA', 'Ghostface Killah', 'Inspectah Deck', 'RZA', ""Ol' Dirty Bastard"", 'Method Man', 'Sheek Louch', 'Ghostface Killah', 'GZA', 'Cappadonna', 'Method Man', 'Large Professor', 'RZA', 'Styles P', 'Method Man', 'GZA', 'Inspectah Deck']"
418,Vado (rapper),"[""Cam'ron"", ""Cam'ron"", 'Big L', 'Jae Millz', ""Cam'ron"", ""Cam'ron"", 'French Montana', ""Cam'ron"", ""Cam'ron"", ""Cam'ron"", 'French Montana', 'Lloyd Banks', 'Dave East', 'Fred the Godson', 'Uncle Murda', 'Cassidy (rapper)', 'Joell Ortiz', 'French Montana', 'Fabolous', 'Lloyd Banks', 'DJ Kay Slay', 'Uncle Murda', 'Sauce Money', 'Smoke DZA', 'DJ Kay Slay', 'Busta Rhymes', 'Jae Millz', 'Funkmaster Flex', 'Sheek Louch', 'Styles P', 'DJ Kay Slay', 'Young Chris', 'Cassidy (rapper)', 'J.R. Writer', 'Red Café', 'Uncle Murda', 'Drag-On', 'Dave East', 'Uncle Murda', 'Lloyd Banks', 'Prodigy (rapper)']"
419,Justina Valentine,"['Fetty Wap', 'Nick Cannon']"
420,Ali Vegas,"['Statik Selektah', 'Styles P', 'DJ Premier', 'Capone (rapper)', 'Fabolous', 'Statik Selektah']"
421,Vinylz,"['Jay-Z', 'Swizz Beatz', 'Drag-On', 'Cassidy (rapper)', 'Meek Mill', 'Cassidy (rapper)', 'Swizz Beatz', 'Meek Mill', 'Sammy Adams', 'Siya', 'Joe Budden', 'Wiz Khalifa', 'French Montana', 'Bizzle', 'Kid Ink', 'Fabolous', 'Jay-Z', 'DJ Whoo Kid', 'Nipsey Hussle', 'Fetty Wap', 'Mac Miller', 'Joe Budden', 'Kendrick Lamar', 'DJ Dahi', 'Desiigner', 'Cardi B']"
422,Fetty Wap,"['6ix9ine', 'French Montana', 'Snoop Dogg']"
423,Ohmega Watts,"['Big Daddy Kane', 'Eric B.', 'Rakim', 'Pete Rock', 'CL Smooth']"
424,Chris Webby,"['DJ Drama', 'Mac Miller', 'Joell Ortiz', 'Method Man', 'Apathy (rapper)', 'Prodigy (rapper)', 'Kid Ink', 'Mac Miller', 'Sammy Adams', 'Statik Selektah', 'Apathy (rapper)', 'Slaine (rapper)', 'DJ Drama', 'Kid Ink', 'Method Man', 'Prodigy (rapper)', 'Don Cannon', 'Harry Fraud', 'Talib Kweli', 'Grafh', 'B-Real', 'Futuristic (rapper)', 'Talib Kweli', 'Joell Ortiz', 'Locksmith (rapper)', 'Justina Valentine', 'Crooked I', 'Apathy (rapper)', 'Mickey Factz', 'Dizzy Wright', 'Justina Valentine', 'Locksmith (rapper)', 'Futuristic (rapper)', 'Smoke DZA', 'Spose', 'Locksmith (rapper)', 'Berner (rapper)', 'Justina Valentine']"
425,DJ Webstar,"['Ron Browz', 'Frenchie (rapper)', 'Juelz Santana', 'Jadakiss', 'Ron Browz', 'Sheek Louch']"
426,Sheck Wes,[]
427,Westside Gunn,"['Mach-Hommy', 'Roc Marciano', 'Conway the Machine', 'Benny the Butcher', 'Conway the Machine', 'Mach-Hommy', 'Tyler, the Creator', 'Joey Badass', 'Joe Budden', 'Smoke DZA', 'MF Doom', 'Conway the Machine', 'Conway the Machine']"
428,Tierra Whack,"['Tyler, the Creator', 'Flying Lotus', 'Remy Ma', 'Meek Mill', 'ASAP Rocky', 'Tyler, the Creator', 'Busta Rhymes', 'ASAP Rocky', 'Tyler, the Creator', 'Flying Lotus']"
429,DJ Whoo Kid,"['Snoop Dogg', '50 Cent', 'DJ Kay Slay', 'DJ Drama', 'DJ Skee', 'DJ Skee', 'DJ Skee', ""Lil' Kim"", 'Lloyd Banks', 'Tony Yayo']"
430,Billy Drease Williams,[]
431,Saul Williams,"['Nas', 'KRS-One', 'Tupac Shakur', 'Sage Francis']"
432,Tyler James Williams,[]
433,Wise (musician),"['Daddy-O (rapper)', 'KRS-One', 'Kool Moe Dee', 'Heavy D', 'MC Lyte', 'Doug E. Fresh', 'Doug E. Fresh', 'Biz Markie']"
434,Chevy Woods,"['Wiz Khalifa', 'Wiz Khalifa', 'Wiz Khalifa', 'French Montana', 'Mac Miller', 'Harry Fraud', 'Mac Miller', 'Schoolboy Q', 'Kendrick Lamar', 'Joey Badass', 'Ty Dolla Sign', 'DJ Drama', 'Ab-Soul', 'Wiz Khalifa', 'Berner (rapper)', 'Wiz Khalifa', 'Wiz Khalifa']"
435,Jimmy Wopo,"['Wiz Khalifa', 'Wiz Khalifa', 'Wiz Khalifa']"
436,Wordsworth (rapper),"['Prince Paul (producer)', 'Prince Paul (producer)', 'Pumpkinhead (rapper)', 'Oh No (musician)']"
437,J.R. Writer,"['Cassidy (rapper)', 'Vado (rapper)', 'Styles P', 'Hell Rell', 'DJ Kay Slay', 'Cassidy (rapper)', 'Vado (rapper)', 'Red Café', 'Uncle Murda', 'Fred the Godson', 'Drag-On', 'Dave East']"
438,Wyldfyer,"['Nas', 'Jay-Z', 'Kendrick Lamar', 'Jay Rock', 'Jay-Z', 'Nas', 'Nas', 'Jay-Z', 'Nas', 'Nas', 'Jay-Z', 'Nas', 'Nas', 'Nas', 'Busta Rhymes', 'Nas', 'Jay-Z', 'Kendrick Lamar', 'Kendrick Lamar', 'Kendrick Lamar', 'Kendrick Lamar', 'Schoolboy Q', 'Jay Rock', 'Kendrick Lamar', 'Kendrick Lamar', 'Terrace Martin', 'Punch (rapper)']"
439,Tony Yayo,"['50 Cent', 'Lloyd Banks', 'Lloyd Banks', '50 Cent', 'Lloyd Banks', 'Funkmaster Flex', 'The Game (rapper)', 'John Cena']"
440,Young Chris,"['Jay-Z', 'Jay-Z', 'Just Blaze', 'Swizz Beatz', 'Jay-Z', 'Memphis Bleek', 'Swizz Beatz', 'Juelz Santana', 'DJ Drama', 'Don Cannon', 'Black Thought', 'Fat Joe', 'Fred the Godson', 'Don Cannon', 'DJ Drama', 'Jay-Z', ""Ol' Dirty Bastard"", 'Joe Budden', 'Beanie Sigel', 'DJ Drama', 'Meek Mill', 'Black Thought', 'Fat Joe', 'The Game (rapper)', 'Lloyd Banks']"
441,Young M.A,"['Mike Zombie', 'Uncle Murda', 'Remy Ma', 'French Montana', 'Jadakiss', 'Uncle Murda', 'ASAP Ferg', 'Remy Ma', 'Snoop Dogg', 'Fivio Foreign', 'Statik Selektah', 'Uncle Murda', 'Pras', 'Fivio Foreign', 'Coi Leray', 'Fivio Foreign']"
442,Young Music DYMG,['Sean Combs']
443,Younglord,"['Sean Combs', 'Mase', 'Lloyd Banks', 'Consequence (rapper)', 'Sean Combs', 'Sean Combs', 'Big Pun', 'Big Pun', 'The Notorious B.I.G.', 'Big Pun', 'Fat Joe', 'Black Rob', 'Big Pun', 'Big Pun', 'Fat Joe', 'Fat Joe', 'Kool G Rap', 'Lloyd Banks', 'Lloyd Banks', 'Consequence (rapper)']"
444,Nosson Zand,[]
445,ZillaKami,"['6ix9ine', '6ix9ine', 'JPEGMafia', 'Necro (rapper)', '6ix9ine', 'JPEGMafia']"
446,Mike Zombie,"['Meek Mill', 'Jay-Z', 'French Montana', 'The Game (rapper)', 'Hit-Boy', 'Hodgy', 'Jay-Z', 'French Montana', 'Iamsu!', 'Casey Veggies', 'Chevy Woods', 'Young M.A', 'The Game (rapper)', 'Young M.A', 'The Game (rapper)', 'Dom Kennedy']"
